-- phpMyAdmin SQL Dump
-- version 5.2.1
-- https://www.phpmyadmin.net/
--
-- Host: 127.0.0.1:3306
-- Generation Time: Sep 17, 2025 at 07:24 AM
-- Server version: 9.1.0
-- PHP Version: 8.3.14

SET SQL_MODE = "NO_AUTO_VALUE_ON_ZERO";
START TRANSACTION;
SET time_zone = "+00:00";


/*!40101 SET @OLD_CHARACTER_SET_CLIENT=@@CHARACTER_SET_CLIENT */;
/*!40101 SET @OLD_CHARACTER_SET_RESULTS=@@CHARACTER_SET_RESULTS */;
/*!40101 SET @OLD_COLLATION_CONNECTION=@@COLLATION_CONNECTION */;
/*!40101 SET NAMES utf8mb4 */;

--
-- Database: `predavanje6_vezba`
--

-- --------------------------------------------------------

--
-- Table structure for table `cache`
--

DROP TABLE IF EXISTS `cache`;
CREATE TABLE IF NOT EXISTS `cache` (
  `key` varchar(191) COLLATE utf8mb4_unicode_ci NOT NULL,
  `value` mediumtext COLLATE utf8mb4_unicode_ci NOT NULL,
  `expiration` int NOT NULL,
  PRIMARY KEY (`key`)
) ENGINE=InnoDB DEFAULT CHARSET=utf8mb4 COLLATE=utf8mb4_unicode_ci;

--
-- Dumping data for table `cache`
--

INSERT INTO `cache` (`key`, `value`, `expiration`) VALUES
('laravel-cache-bborislavilic@gmail.com|127.0.0.1', 'i:1;', 1757941656),
('laravel-cache-bborislavilic@gmail.com|127.0.0.1:timer', 'i:1757941656;', 1757941656),
('laravel-cache-bokaco@gmail.com|127.0.0.1', 'i:3;', 1758087077),
('laravel-cache-bokaco@gmail.com|127.0.0.1:timer', 'i:1758087077;', 1758087077);

-- --------------------------------------------------------

--
-- Table structure for table `cache_locks`
--

DROP TABLE IF EXISTS `cache_locks`;
CREATE TABLE IF NOT EXISTS `cache_locks` (
  `key` varchar(191) COLLATE utf8mb4_unicode_ci NOT NULL,
  `owner` varchar(191) COLLATE utf8mb4_unicode_ci NOT NULL,
  `expiration` int NOT NULL,
  PRIMARY KEY (`key`)
) ENGINE=InnoDB DEFAULT CHARSET=utf8mb4 COLLATE=utf8mb4_unicode_ci;

-- --------------------------------------------------------

--
-- Table structure for table `cities`
--

DROP TABLE IF EXISTS `cities`;
CREATE TABLE IF NOT EXISTS `cities` (
  `id` bigint UNSIGNED NOT NULL AUTO_INCREMENT,
  `name` varchar(64) COLLATE utf8mb4_unicode_ci NOT NULL,
  `created_at` timestamp NULL DEFAULT NULL,
  `updated_at` timestamp NULL DEFAULT NULL,
  PRIMARY KEY (`id`),
  UNIQUE KEY `cities_name_unique` (`name`)
) ENGINE=InnoDB AUTO_INCREMENT=51 DEFAULT CHARSET=utf8mb4 COLLATE=utf8mb4_unicode_ci;

--
-- Dumping data for table `cities`
--

INSERT INTO `cities` (`id`, `name`, `created_at`, `updated_at`) VALUES
(1, 'Sabac', '2025-08-26 04:16:40', '2025-08-26 04:16:40'),
(2, 'East Krystina', '2025-08-26 04:16:40', '2025-08-26 04:16:40'),
(3, 'Hintzmouth', '2025-08-26 04:16:40', '2025-08-26 04:16:40'),
(4, 'Shawnville', '2025-08-26 04:16:40', '2025-08-26 04:16:40'),
(5, 'Margarettebury', '2025-08-26 04:16:40', '2025-08-26 04:16:40'),
(6, 'Lake Nelsmouth', '2025-08-26 04:16:40', '2025-08-26 04:16:40'),
(7, 'Lednerview', '2025-08-26 04:16:40', '2025-08-26 04:16:40'),
(8, 'Lake Oswaldhaven', '2025-08-26 04:16:40', '2025-08-26 04:16:40'),
(9, 'West Austinfurt', '2025-08-26 04:16:40', '2025-08-26 04:16:40'),
(10, 'West Edwardbury', '2025-08-26 04:16:40', '2025-08-26 04:16:40'),
(11, 'Port Maximillian', '2025-08-26 04:16:40', '2025-08-26 04:16:40'),
(12, 'Ursulatown', '2025-08-26 04:16:40', '2025-08-26 04:16:40'),
(13, 'Lake Elinore', '2025-08-26 04:16:40', '2025-08-26 04:16:40'),
(14, 'Kylerbury', '2025-08-26 04:16:40', '2025-08-26 04:16:40'),
(15, 'South Mariana', '2025-08-26 04:16:40', '2025-08-26 04:16:40'),
(16, 'Lake Lelaville', '2025-08-26 04:16:40', '2025-08-26 04:16:40'),
(17, 'Dickinsonside', '2025-08-26 04:16:40', '2025-08-26 04:16:40'),
(18, 'Port Janet', '2025-08-26 04:16:40', '2025-08-26 04:16:40'),
(19, 'Meredithton', '2025-08-26 04:16:40', '2025-08-26 04:16:40'),
(20, 'Vincenzachester', '2025-08-26 04:16:40', '2025-08-26 04:16:40'),
(21, 'Tiffanyberg', '2025-08-26 04:16:40', '2025-08-26 04:16:40'),
(22, 'North Izabellaville', '2025-08-26 04:16:40', '2025-08-26 04:16:40'),
(23, 'Port Russellview', '2025-08-26 04:16:40', '2025-08-26 04:16:40'),
(24, 'Runolfsdottirbury', '2025-08-26 04:16:40', '2025-08-26 04:16:40'),
(25, 'Lednerside', '2025-08-26 04:16:40', '2025-08-26 04:16:40'),
(26, 'Beertown', '2025-08-26 04:16:40', '2025-08-26 04:16:40'),
(27, 'Coleberg', '2025-08-26 04:16:40', '2025-08-26 04:16:40'),
(28, 'South Liam', '2025-08-26 04:16:40', '2025-08-26 04:16:40'),
(29, 'South Hillary', '2025-08-26 04:16:40', '2025-08-26 04:16:40'),
(30, 'Osinskibury', '2025-08-26 04:16:40', '2025-08-26 04:16:40'),
(31, 'Alexischester', '2025-08-26 04:16:40', '2025-08-26 04:16:40'),
(32, 'Madelynnmouth', '2025-08-26 04:16:40', '2025-08-26 04:16:40'),
(33, 'South Talonland', '2025-08-26 04:16:40', '2025-08-26 04:16:40'),
(34, 'Lake Hertha', '2025-08-26 04:16:40', '2025-08-26 04:16:40'),
(35, 'Bennybury', '2025-08-26 04:16:40', '2025-08-26 04:16:40'),
(36, 'East Torrance', '2025-08-26 04:16:40', '2025-08-26 04:16:40'),
(37, 'South Micaela', '2025-08-26 04:16:40', '2025-08-26 04:16:40'),
(38, 'East Otto', '2025-08-26 04:16:40', '2025-08-26 04:16:40'),
(39, 'Port Herthaside', '2025-08-26 04:16:40', '2025-08-26 04:16:40'),
(40, 'Lake Ottis', '2025-08-26 04:16:40', '2025-08-26 04:16:40'),
(41, 'Helgahaven', '2025-08-26 04:16:40', '2025-08-26 04:16:40'),
(42, 'New Alycia', '2025-08-26 04:16:40', '2025-08-26 04:16:40'),
(43, 'North Lydahaven', '2025-08-26 04:16:40', '2025-08-26 04:16:40'),
(44, 'Micaelamouth', '2025-08-26 04:16:40', '2025-08-26 04:16:40'),
(45, 'Kaylahmouth', '2025-08-26 04:16:40', '2025-08-26 04:16:40'),
(46, 'Port Guillermoland', '2025-08-26 04:16:40', '2025-08-26 04:16:40'),
(47, 'Urielport', '2025-08-26 04:16:40', '2025-08-26 04:16:40'),
(48, 'Port Jedport', '2025-08-26 04:16:40', '2025-08-26 04:16:40'),
(49, 'West Josie', '2025-08-26 04:16:40', '2025-08-26 04:16:40'),
(50, 'Carrollview', '2025-08-26 04:16:40', '2025-08-26 04:16:40');

-- --------------------------------------------------------

--
-- Table structure for table `contacts`
--

DROP TABLE IF EXISTS `contacts`;
CREATE TABLE IF NOT EXISTS `contacts` (
  `id` bigint UNSIGNED NOT NULL AUTO_INCREMENT,
  `email` varchar(64) COLLATE utf8mb4_unicode_ci NOT NULL,
  `subject` varchar(191) COLLATE utf8mb4_unicode_ci NOT NULL,
  `message` text COLLATE utf8mb4_unicode_ci NOT NULL,
  `created_at` timestamp NULL DEFAULT NULL,
  `updated_at` timestamp NULL DEFAULT NULL,
  PRIMARY KEY (`id`)
) ENGINE=InnoDB DEFAULT CHARSET=utf8mb4 COLLATE=utf8mb4_unicode_ci;

-- --------------------------------------------------------

--
-- Table structure for table `failed_jobs`
--

DROP TABLE IF EXISTS `failed_jobs`;
CREATE TABLE IF NOT EXISTS `failed_jobs` (
  `id` bigint UNSIGNED NOT NULL AUTO_INCREMENT,
  `uuid` varchar(191) COLLATE utf8mb4_unicode_ci NOT NULL,
  `connection` text COLLATE utf8mb4_unicode_ci NOT NULL,
  `queue` text COLLATE utf8mb4_unicode_ci NOT NULL,
  `payload` longtext COLLATE utf8mb4_unicode_ci NOT NULL,
  `exception` longtext COLLATE utf8mb4_unicode_ci NOT NULL,
  `failed_at` timestamp NOT NULL DEFAULT CURRENT_TIMESTAMP,
  PRIMARY KEY (`id`),
  UNIQUE KEY `failed_jobs_uuid_unique` (`uuid`)
) ENGINE=InnoDB DEFAULT CHARSET=utf8mb4 COLLATE=utf8mb4_unicode_ci;

-- --------------------------------------------------------

--
-- Table structure for table `forecasts`
--

DROP TABLE IF EXISTS `forecasts`;
CREATE TABLE IF NOT EXISTS `forecasts` (
  `id` bigint UNSIGNED NOT NULL AUTO_INCREMENT,
  `city_id` bigint UNSIGNED NOT NULL,
  `temperature` double NOT NULL,
  `date` date NOT NULL,
  `created_at` timestamp NULL DEFAULT NULL,
  `updated_at` timestamp NULL DEFAULT NULL,
  `weather_type` varchar(191) COLLATE utf8mb4_unicode_ci NOT NULL DEFAULT 'sunny',
  `probabbility` smallint UNSIGNED DEFAULT NULL,
  PRIMARY KEY (`id`),
  UNIQUE KEY `forecasts_city_id_date_unique` (`city_id`,`date`)
) ENGINE=InnoDB AUTO_INCREMENT=1503 DEFAULT CHARSET=utf8mb4 COLLATE=utf8mb4_unicode_ci;

--
-- Dumping data for table `forecasts`
--

INSERT INTO `forecasts` (`id`, `city_id`, `temperature`, `date`, `created_at`, `updated_at`, `weather_type`, `probabbility`) VALUES
(1, 1, -42, '2025-09-16', '2025-09-16 10:18:28', '2025-09-16 10:18:28', 'snowy', 19),
(2, 1, -44, '2025-09-17', '2025-09-16 10:18:28', '2025-09-16 10:18:28', 'snowy', 84),
(3, 1, -40, '2025-09-18', '2025-09-16 10:18:28', '2025-09-16 10:18:28', 'cloudy', 45),
(4, 1, -36, '2025-09-19', '2025-09-16 10:18:28', '2025-09-16 10:18:28', 'cloudy', 63),
(5, 1, -33, '2025-09-20', '2025-09-16 10:18:28', '2025-09-16 10:18:28', 'rainy', 91),
(6, 1, -29, '2025-09-21', '2025-09-16 10:18:28', '2025-09-16 10:18:28', 'sunny', NULL),
(7, 1, -34, '2025-09-22', '2025-09-16 10:18:28', '2025-09-16 10:18:28', 'rainy', 97),
(8, 1, -37, '2025-09-23', '2025-09-16 10:18:28', '2025-09-16 10:18:28', 'snowy', 83),
(9, 1, -42, '2025-09-24', '2025-09-16 10:18:28', '2025-09-16 10:18:28', 'cloudy', 89),
(10, 1, -44, '2025-09-25', '2025-09-16 10:18:28', '2025-09-16 10:18:28', 'cloudy', 37),
(11, 1, -41, '2025-09-26', '2025-09-16 10:18:28', '2025-09-16 10:18:28', 'sunny', NULL),
(12, 1, -39, '2025-09-27', '2025-09-16 10:18:28', '2025-09-16 10:18:28', 'cloudy', 22),
(13, 1, -34, '2025-09-28', '2025-09-16 10:18:28', '2025-09-16 10:18:28', 'snowy', 18),
(14, 1, -36, '2025-09-29', '2025-09-16 10:18:28', '2025-09-16 10:18:28', 'cloudy', 40),
(15, 1, -32, '2025-09-30', '2025-09-16 10:18:28', '2025-09-16 10:18:28', 'rainy', 95),
(16, 1, -30, '2025-10-01', '2025-09-16 10:18:28', '2025-09-16 10:18:28', 'snowy', 77),
(17, 1, -25, '2025-10-02', '2025-09-16 10:18:28', '2025-09-16 10:18:28', 'snowy', 63),
(18, 1, -27, '2025-10-03', '2025-09-16 10:18:28', '2025-09-16 10:18:28', 'snowy', 71),
(19, 1, -23, '2025-10-04', '2025-09-16 10:18:28', '2025-09-16 10:18:28', 'sunny', NULL),
(20, 1, -26, '2025-10-05', '2025-09-16 10:18:28', '2025-09-16 10:18:28', 'snowy', 22),
(21, 1, -21, '2025-10-06', '2025-09-16 10:18:28', '2025-09-16 10:18:28', 'snowy', 92),
(22, 1, -23, '2025-10-07', '2025-09-16 10:18:28', '2025-09-16 10:18:28', 'snowy', 35),
(23, 1, -27, '2025-10-08', '2025-09-16 10:18:28', '2025-09-16 10:18:28', 'rainy', 44),
(24, 1, -25, '2025-10-09', '2025-09-16 10:18:28', '2025-09-16 10:18:28', 'cloudy', 6),
(25, 1, -25, '2025-10-10', '2025-09-16 10:18:28', '2025-09-16 10:18:28', 'sunny', NULL),
(26, 1, -25, '2025-10-11', '2025-09-16 10:18:28', '2025-09-16 10:18:28', 'rainy', 86),
(27, 1, -30, '2025-10-12', '2025-09-16 10:18:28', '2025-09-16 10:18:28', 'cloudy', 24),
(28, 1, -28, '2025-10-13', '2025-09-16 10:18:28', '2025-09-16 10:18:28', 'rainy', 6),
(29, 1, -31, '2025-10-14', '2025-09-16 10:18:28', '2025-09-16 10:18:28', 'snowy', 31),
(30, 1, -32, '2025-10-15', '2025-09-16 10:18:28', '2025-09-16 10:18:28', 'rainy', 25),
(31, 2, 33, '2025-09-16', '2025-09-16 10:18:28', '2025-09-16 10:18:28', 'sunny', NULL),
(32, 2, 30, '2025-09-17', '2025-09-16 10:18:28', '2025-09-16 10:18:28', 'sunny', NULL),
(33, 2, 33, '2025-09-18', '2025-09-16 10:18:28', '2025-09-16 10:18:28', 'rainy', 25),
(34, 2, 31, '2025-09-19', '2025-09-16 10:18:28', '2025-09-16 10:18:28', 'cloudy', 60),
(35, 2, 26, '2025-09-20', '2025-09-16 10:18:28', '2025-09-16 10:18:28', 'rainy', 10),
(36, 2, 29, '2025-09-21', '2025-09-16 10:18:28', '2025-09-16 10:18:28', 'rainy', 76),
(37, 2, 33, '2025-09-22', '2025-09-16 10:18:28', '2025-09-16 10:18:28', 'rainy', 1),
(38, 2, 32, '2025-09-23', '2025-09-16 10:18:28', '2025-09-16 10:18:28', 'snowy', 45),
(39, 2, 27, '2025-09-24', '2025-09-16 10:18:28', '2025-09-16 10:18:28', 'sunny', NULL),
(40, 2, 24, '2025-09-25', '2025-09-16 10:18:28', '2025-09-16 10:18:28', 'snowy', 17),
(41, 2, 22, '2025-09-26', '2025-09-16 10:18:28', '2025-09-16 10:18:28', 'sunny', NULL),
(42, 2, 20, '2025-09-27', '2025-09-16 10:18:28', '2025-09-16 10:18:28', 'sunny', NULL),
(43, 2, 22, '2025-09-28', '2025-09-16 10:18:28', '2025-09-16 10:18:28', 'cloudy', 77),
(44, 2, 18, '2025-09-29', '2025-09-16 10:18:28', '2025-09-16 10:18:28', 'snowy', 49),
(45, 2, 17, '2025-09-30', '2025-09-16 10:18:28', '2025-09-16 10:18:28', 'cloudy', 13),
(46, 2, 18, '2025-10-01', '2025-09-16 10:18:28', '2025-09-16 10:18:28', 'snowy', 31),
(47, 2, 20, '2025-10-02', '2025-09-16 10:18:28', '2025-09-16 10:18:28', 'snowy', 18),
(48, 2, 22, '2025-10-03', '2025-09-16 10:18:28', '2025-09-16 10:18:28', 'rainy', 79),
(49, 2, 20, '2025-10-04', '2025-09-16 10:18:28', '2025-09-16 10:18:28', 'sunny', NULL),
(50, 2, 25, '2025-10-05', '2025-09-16 10:18:28', '2025-09-16 10:18:28', 'snowy', 11),
(51, 2, 23, '2025-10-06', '2025-09-16 10:18:28', '2025-09-16 10:18:28', 'cloudy', 90),
(52, 2, 21, '2025-10-07', '2025-09-16 10:18:28', '2025-09-16 10:18:28', 'rainy', 75),
(53, 2, 21, '2025-10-08', '2025-09-16 10:18:28', '2025-09-16 10:18:28', 'snowy', 56),
(54, 2, 25, '2025-10-09', '2025-09-16 10:18:28', '2025-09-16 10:18:28', 'sunny', NULL),
(55, 2, 22, '2025-10-10', '2025-09-16 10:18:28', '2025-09-16 10:18:28', 'snowy', 19),
(56, 2, 23, '2025-10-11', '2025-09-16 10:18:28', '2025-09-16 10:18:28', 'rainy', 71),
(57, 2, 20, '2025-10-12', '2025-09-16 10:18:28', '2025-09-16 10:18:28', 'sunny', NULL),
(58, 2, 25, '2025-10-13', '2025-09-16 10:18:28', '2025-09-16 10:18:28', 'rainy', 37),
(59, 2, 26, '2025-10-14', '2025-09-16 10:18:28', '2025-09-16 10:18:28', 'snowy', 81),
(60, 2, 26, '2025-10-15', '2025-09-16 10:18:28', '2025-09-16 10:18:28', 'sunny', NULL),
(61, 3, 29, '2025-09-16', '2025-09-16 10:18:28', '2025-09-16 10:18:28', 'sunny', NULL),
(62, 3, 32, '2025-09-17', '2025-09-16 10:18:28', '2025-09-16 10:18:28', 'snowy', 17),
(63, 3, 30, '2025-09-18', '2025-09-16 10:18:28', '2025-09-16 10:18:28', 'snowy', 17),
(64, 3, 27, '2025-09-19', '2025-09-16 10:18:28', '2025-09-16 10:18:28', 'rainy', 33),
(65, 3, 24, '2025-09-20', '2025-09-16 10:18:28', '2025-09-16 10:18:28', 'sunny', NULL),
(66, 3, 24, '2025-09-21', '2025-09-16 10:18:28', '2025-09-16 10:18:28', 'rainy', 68),
(67, 3, 26, '2025-09-22', '2025-09-16 10:18:28', '2025-09-16 10:18:28', 'snowy', 71),
(68, 3, 22, '2025-09-23', '2025-09-16 10:18:28', '2025-09-16 10:18:28', 'cloudy', 49),
(69, 3, 23, '2025-09-24', '2025-09-16 10:18:28', '2025-09-16 10:18:28', 'snowy', 80),
(70, 3, 21, '2025-09-25', '2025-09-16 10:18:28', '2025-09-16 10:18:28', 'snowy', 60),
(71, 3, 17, '2025-09-26', '2025-09-16 10:18:28', '2025-09-16 10:18:28', 'cloudy', 56),
(72, 3, 17, '2025-09-27', '2025-09-16 10:18:28', '2025-09-16 10:18:28', 'snowy', 5),
(73, 3, 21, '2025-09-28', '2025-09-16 10:18:28', '2025-09-16 10:18:28', 'cloudy', 56),
(74, 3, 24, '2025-09-29', '2025-09-16 10:18:28', '2025-09-16 10:18:28', 'cloudy', 72),
(75, 3, 19, '2025-09-30', '2025-09-16 10:18:28', '2025-09-16 10:18:28', 'rainy', 80),
(76, 3, 22, '2025-10-01', '2025-09-16 10:18:28', '2025-09-16 10:18:28', 'cloudy', 24),
(77, 3, 20, '2025-10-02', '2025-09-16 10:18:28', '2025-09-16 10:18:28', 'rainy', 36),
(78, 3, 19, '2025-10-03', '2025-09-16 10:18:28', '2025-09-16 10:18:28', 'rainy', 45),
(79, 3, 15, '2025-10-04', '2025-09-16 10:18:28', '2025-09-16 10:18:28', 'sunny', NULL),
(80, 3, 17, '2025-10-05', '2025-09-16 10:18:28', '2025-09-16 10:18:28', 'snowy', 28),
(81, 3, 21, '2025-10-06', '2025-09-16 10:18:28', '2025-09-16 10:18:28', 'snowy', 84),
(82, 3, 24, '2025-10-07', '2025-09-16 10:18:28', '2025-09-16 10:18:28', 'snowy', 26),
(83, 3, 28, '2025-10-08', '2025-09-16 10:18:28', '2025-09-16 10:18:28', 'sunny', NULL),
(84, 3, 29, '2025-10-09', '2025-09-16 10:18:28', '2025-09-16 10:18:28', 'snowy', 2),
(85, 3, 25, '2025-10-10', '2025-09-16 10:18:28', '2025-09-16 10:18:28', 'snowy', 7),
(86, 3, 21, '2025-10-11', '2025-09-16 10:18:28', '2025-09-16 10:18:28', 'sunny', NULL),
(87, 3, 18, '2025-10-12', '2025-09-16 10:18:28', '2025-09-16 10:18:28', 'sunny', NULL),
(88, 3, 17, '2025-10-13', '2025-09-16 10:18:28', '2025-09-16 10:18:28', 'snowy', 47),
(89, 3, 22, '2025-10-14', '2025-09-16 10:18:28', '2025-09-16 10:18:28', 'cloudy', 26),
(90, 3, 24, '2025-10-15', '2025-09-16 10:18:28', '2025-09-16 10:18:28', 'sunny', NULL),
(91, 4, 1, '2025-09-16', '2025-09-16 10:18:28', '2025-09-16 10:18:28', 'sunny', NULL),
(92, 4, -2, '2025-09-17', '2025-09-16 10:18:28', '2025-09-16 10:18:28', 'cloudy', 41),
(93, 4, 2, '2025-09-18', '2025-09-16 10:18:28', '2025-09-16 10:18:28', 'cloudy', 38),
(94, 4, 7, '2025-09-19', '2025-09-16 10:18:28', '2025-09-16 10:18:28', 'sunny', NULL),
(95, 4, 3, '2025-09-20', '2025-09-16 10:18:28', '2025-09-16 10:18:28', 'rainy', 25),
(96, 4, -2, '2025-09-21', '2025-09-16 10:18:28', '2025-09-16 10:18:28', 'snowy', 16),
(97, 4, -4, '2025-09-22', '2025-09-16 10:18:28', '2025-09-16 10:18:28', 'rainy', 35),
(98, 4, -3, '2025-09-23', '2025-09-16 10:18:28', '2025-09-16 10:18:28', 'snowy', 79),
(99, 4, -8, '2025-09-24', '2025-09-16 10:18:28', '2025-09-16 10:18:28', 'cloudy', 91),
(100, 4, -6, '2025-09-25', '2025-09-16 10:18:28', '2025-09-16 10:18:28', 'snowy', 76),
(101, 4, -2, '2025-09-26', '2025-09-16 10:18:28', '2025-09-16 10:18:28', 'rainy', 51),
(102, 4, -4, '2025-09-27', '2025-09-16 10:18:28', '2025-09-16 10:18:28', 'cloudy', 34),
(103, 4, -1, '2025-09-28', '2025-09-16 10:18:28', '2025-09-16 10:18:28', 'rainy', 25),
(104, 4, 3, '2025-09-29', '2025-09-16 10:18:28', '2025-09-16 10:18:28', 'snowy', 97),
(105, 4, 1, '2025-09-30', '2025-09-16 10:18:28', '2025-09-16 10:18:28', 'cloudy', 91),
(106, 4, 6, '2025-10-01', '2025-09-16 10:18:28', '2025-09-16 10:18:28', 'cloudy', 16),
(107, 4, 11, '2025-10-02', '2025-09-16 10:18:28', '2025-09-16 10:18:28', 'cloudy', 53),
(108, 4, 14, '2025-10-03', '2025-09-16 10:18:28', '2025-09-16 10:18:28', 'sunny', NULL),
(109, 4, 9, '2025-10-04', '2025-09-16 10:18:28', '2025-09-16 10:18:28', 'rainy', 41),
(110, 4, 10, '2025-10-05', '2025-09-16 10:18:28', '2025-09-16 10:18:28', 'sunny', NULL),
(111, 4, 8, '2025-10-06', '2025-09-16 10:18:28', '2025-09-16 10:18:28', 'rainy', 14),
(112, 4, 7, '2025-10-07', '2025-09-16 10:18:28', '2025-09-16 10:18:28', 'snowy', 19),
(113, 4, 9, '2025-10-08', '2025-09-16 10:18:28', '2025-09-16 10:18:28', 'cloudy', 85),
(114, 4, 5, '2025-10-09', '2025-09-16 10:18:28', '2025-09-16 10:18:28', 'snowy', 54),
(115, 4, 2, '2025-10-10', '2025-09-16 10:18:28', '2025-09-16 10:18:28', 'rainy', 75),
(116, 4, 0, '2025-10-11', '2025-09-16 10:18:28', '2025-09-16 10:18:28', 'snowy', 100),
(117, 4, 5, '2025-10-12', '2025-09-16 10:18:28', '2025-09-16 10:18:28', 'rainy', 76),
(118, 4, 10, '2025-10-13', '2025-09-16 10:18:28', '2025-09-16 10:18:28', 'rainy', 88),
(119, 4, 9, '2025-10-14', '2025-09-16 10:18:28', '2025-09-16 10:18:28', 'cloudy', 4),
(120, 4, 13, '2025-10-15', '2025-09-16 10:18:28', '2025-09-16 10:18:28', 'rainy', 32),
(121, 5, -3, '2025-09-16', '2025-09-16 10:18:28', '2025-09-16 10:18:28', 'sunny', NULL),
(122, 5, -5, '2025-09-17', '2025-09-16 10:18:28', '2025-09-16 10:18:28', 'rainy', 39),
(123, 5, -2, '2025-09-18', '2025-09-16 10:18:28', '2025-09-16 10:18:28', 'sunny', NULL),
(124, 5, 2, '2025-09-19', '2025-09-16 10:18:28', '2025-09-16 10:18:28', 'sunny', NULL),
(125, 5, 4, '2025-09-20', '2025-09-16 10:18:28', '2025-09-16 10:18:28', 'snowy', 42),
(126, 5, 6, '2025-09-21', '2025-09-16 10:18:28', '2025-09-16 10:18:28', 'snowy', 66),
(127, 5, 8, '2025-09-22', '2025-09-16 10:18:28', '2025-09-16 10:18:28', 'snowy', 59),
(128, 5, 11, '2025-09-23', '2025-09-16 10:18:28', '2025-09-16 10:18:28', 'sunny', NULL),
(129, 5, 8, '2025-09-24', '2025-09-16 10:18:28', '2025-09-16 10:18:28', 'sunny', NULL),
(130, 5, 4, '2025-09-25', '2025-09-16 10:18:28', '2025-09-16 10:18:28', 'rainy', 91),
(131, 5, -1, '2025-09-26', '2025-09-16 10:18:28', '2025-09-16 10:18:28', 'snowy', 91),
(132, 5, -4, '2025-09-27', '2025-09-16 10:18:28', '2025-09-16 10:18:28', 'sunny', NULL),
(133, 5, -8, '2025-09-28', '2025-09-16 10:18:28', '2025-09-16 10:18:28', 'rainy', 70),
(134, 5, -5, '2025-09-29', '2025-09-16 10:18:28', '2025-09-16 10:18:28', 'snowy', 63),
(135, 5, -4, '2025-09-30', '2025-09-16 10:18:28', '2025-09-16 10:18:28', 'snowy', 7),
(136, 5, -2, '2025-10-01', '2025-09-16 10:18:28', '2025-09-16 10:18:28', 'cloudy', 66),
(137, 5, -5, '2025-10-02', '2025-09-16 10:18:28', '2025-09-16 10:18:28', 'cloudy', 52),
(138, 5, 0, '2025-10-03', '2025-09-16 10:18:28', '2025-09-16 10:18:28', 'sunny', NULL),
(139, 5, 4, '2025-10-04', '2025-09-16 10:18:28', '2025-09-16 10:18:28', 'cloudy', 74),
(140, 5, 9, '2025-10-05', '2025-09-16 10:18:28', '2025-09-16 10:18:28', 'snowy', 100),
(141, 5, 7, '2025-10-06', '2025-09-16 10:18:28', '2025-09-16 10:18:28', 'rainy', 99),
(142, 5, 5, '2025-10-07', '2025-09-16 10:18:28', '2025-09-16 10:18:28', 'rainy', 66),
(143, 5, 3, '2025-10-08', '2025-09-16 10:18:28', '2025-09-16 10:18:28', 'sunny', NULL),
(144, 5, 5, '2025-10-09', '2025-09-16 10:18:28', '2025-09-16 10:18:28', 'sunny', NULL),
(145, 5, 8, '2025-10-10', '2025-09-16 10:18:28', '2025-09-16 10:18:28', 'sunny', NULL),
(146, 5, 8, '2025-10-11', '2025-09-16 10:18:28', '2025-09-16 10:18:28', 'cloudy', 25),
(147, 5, 5, '2025-10-12', '2025-09-16 10:18:28', '2025-09-16 10:18:28', 'sunny', NULL),
(148, 5, 7, '2025-10-13', '2025-09-16 10:18:28', '2025-09-16 10:18:28', 'snowy', 25),
(149, 5, 10, '2025-10-14', '2025-09-16 10:18:28', '2025-09-16 10:18:28', 'rainy', 57),
(150, 5, 14, '2025-10-15', '2025-09-16 10:18:28', '2025-09-16 10:18:28', 'cloudy', 45),
(151, 6, 11, '2025-09-16', '2025-09-16 10:18:28', '2025-09-16 10:18:28', 'rainy', 61),
(152, 6, 14, '2025-09-17', '2025-09-16 10:18:28', '2025-09-16 10:18:28', 'sunny', NULL),
(153, 6, 9, '2025-09-18', '2025-09-16 10:18:28', '2025-09-16 10:18:28', 'rainy', 91),
(154, 6, 13, '2025-09-19', '2025-09-16 10:18:28', '2025-09-16 10:18:28', 'rainy', 56),
(155, 6, 16, '2025-09-20', '2025-09-16 10:18:28', '2025-09-16 10:18:28', 'sunny', NULL),
(156, 6, 11, '2025-09-21', '2025-09-16 10:18:28', '2025-09-16 10:18:28', 'rainy', 52),
(157, 6, 10, '2025-09-22', '2025-09-16 10:18:28', '2025-09-16 10:18:28', 'sunny', NULL),
(158, 6, 7, '2025-09-23', '2025-09-16 10:18:28', '2025-09-16 10:18:28', 'sunny', NULL),
(159, 6, 10, '2025-09-24', '2025-09-16 10:18:28', '2025-09-16 10:18:28', 'snowy', 60),
(160, 6, 12, '2025-09-25', '2025-09-16 10:18:28', '2025-09-16 10:18:28', 'sunny', NULL),
(161, 6, 10, '2025-09-26', '2025-09-16 10:18:28', '2025-09-16 10:18:28', 'sunny', NULL),
(162, 6, 5, '2025-09-27', '2025-09-16 10:18:28', '2025-09-16 10:18:28', 'sunny', NULL),
(163, 6, 4, '2025-09-28', '2025-09-16 10:18:28', '2025-09-16 10:18:28', 'cloudy', 82),
(164, 6, 3, '2025-09-29', '2025-09-16 10:18:28', '2025-09-16 10:18:28', 'rainy', 54),
(165, 6, -1, '2025-09-30', '2025-09-16 10:18:28', '2025-09-16 10:18:28', 'cloudy', 49),
(166, 6, -3, '2025-10-01', '2025-09-16 10:18:28', '2025-09-16 10:18:28', 'rainy', 86),
(167, 6, -5, '2025-10-02', '2025-09-16 10:18:28', '2025-09-16 10:18:28', 'snowy', 46),
(168, 6, -8, '2025-10-03', '2025-09-16 10:18:28', '2025-09-16 10:18:28', 'cloudy', 93),
(169, 6, -7, '2025-10-04', '2025-09-16 10:18:28', '2025-09-16 10:18:28', 'rainy', 26),
(170, 6, -5, '2025-10-05', '2025-09-16 10:18:28', '2025-09-16 10:18:28', 'snowy', 68),
(171, 6, -10, '2025-10-06', '2025-09-16 10:18:28', '2025-09-16 10:18:28', 'cloudy', 71),
(172, 6, -13, '2025-10-07', '2025-09-16 10:18:28', '2025-09-16 10:18:28', 'snowy', 31),
(173, 6, -9, '2025-10-08', '2025-09-16 10:18:28', '2025-09-16 10:18:28', 'rainy', 40),
(174, 6, -10, '2025-10-09', '2025-09-16 10:18:28', '2025-09-16 10:18:28', 'rainy', 33),
(175, 6, -10, '2025-10-10', '2025-09-16 10:18:28', '2025-09-16 10:18:28', 'cloudy', 66),
(176, 6, -13, '2025-10-11', '2025-09-16 10:18:28', '2025-09-16 10:18:28', 'rainy', 24),
(177, 6, -18, '2025-10-12', '2025-09-16 10:18:28', '2025-09-16 10:18:28', 'rainy', 43),
(178, 6, -15, '2025-10-13', '2025-09-16 10:18:28', '2025-09-16 10:18:28', 'sunny', NULL),
(179, 6, -20, '2025-10-14', '2025-09-16 10:18:28', '2025-09-16 10:18:28', 'cloudy', 33),
(180, 6, -17, '2025-10-15', '2025-09-16 10:18:28', '2025-09-16 10:18:28', 'snowy', 70),
(181, 7, 50, '2025-09-16', '2025-09-16 10:18:28', '2025-09-16 10:18:28', 'rainy', 57),
(182, 7, 45, '2025-09-17', '2025-09-16 10:18:28', '2025-09-16 10:18:28', 'sunny', NULL),
(183, 7, 49, '2025-09-18', '2025-09-16 10:18:28', '2025-09-16 10:18:28', 'sunny', NULL),
(184, 7, 44, '2025-09-19', '2025-09-16 10:18:28', '2025-09-16 10:18:28', 'cloudy', 55),
(185, 7, 45, '2025-09-20', '2025-09-16 10:18:28', '2025-09-16 10:18:28', 'rainy', 78),
(186, 7, 42, '2025-09-21', '2025-09-16 10:18:28', '2025-09-16 10:18:28', 'snowy', 52),
(187, 7, 46, '2025-09-22', '2025-09-16 10:18:28', '2025-09-16 10:18:28', 'snowy', 40),
(188, 7, 49, '2025-09-23', '2025-09-16 10:18:28', '2025-09-16 10:18:28', 'snowy', 14),
(189, 7, 51, '2025-09-24', '2025-09-16 10:18:28', '2025-09-16 10:18:28', 'cloudy', 12),
(190, 7, 53, '2025-09-25', '2025-09-16 10:18:28', '2025-09-16 10:18:28', 'snowy', 90),
(191, 7, 53, '2025-09-26', '2025-09-16 10:18:28', '2025-09-16 10:18:28', 'sunny', NULL),
(192, 7, 56, '2025-09-27', '2025-09-16 10:18:28', '2025-09-16 10:18:28', 'sunny', NULL),
(193, 7, 53, '2025-09-28', '2025-09-16 10:18:28', '2025-09-16 10:18:28', 'snowy', 99),
(194, 7, 57, '2025-09-29', '2025-09-16 10:18:28', '2025-09-16 10:18:28', 'rainy', 77),
(195, 7, 52, '2025-09-30', '2025-09-16 10:18:29', '2025-09-16 10:18:29', 'cloudy', 25),
(196, 7, 56, '2025-10-01', '2025-09-16 10:18:29', '2025-09-16 10:18:29', 'sunny', NULL),
(197, 7, 61, '2025-10-02', '2025-09-16 10:18:29', '2025-09-16 10:18:29', 'snowy', 86),
(198, 7, 62, '2025-10-03', '2025-09-16 10:18:29', '2025-09-16 10:18:29', 'snowy', 60),
(199, 7, 58, '2025-10-04', '2025-09-16 10:18:29', '2025-09-16 10:18:29', 'sunny', NULL),
(200, 7, 53, '2025-10-05', '2025-09-16 10:18:29', '2025-09-16 10:18:29', 'rainy', 39),
(201, 7, 56, '2025-10-06', '2025-09-16 10:18:29', '2025-09-16 10:18:29', 'cloudy', 4),
(202, 7, 58, '2025-10-07', '2025-09-16 10:18:29', '2025-09-16 10:18:29', 'cloudy', 87),
(203, 7, 60, '2025-10-08', '2025-09-16 10:18:29', '2025-09-16 10:18:29', 'sunny', NULL),
(204, 7, 59, '2025-10-09', '2025-09-16 10:18:29', '2025-09-16 10:18:29', 'rainy', 97),
(205, 7, 60, '2025-10-10', '2025-09-16 10:18:29', '2025-09-16 10:18:29', 'cloudy', 23),
(206, 7, 58, '2025-10-11', '2025-09-16 10:18:29', '2025-09-16 10:18:29', 'snowy', 9),
(207, 7, 58, '2025-10-12', '2025-09-16 10:18:29', '2025-09-16 10:18:29', 'rainy', 75),
(208, 7, 60, '2025-10-13', '2025-09-16 10:18:29', '2025-09-16 10:18:29', 'sunny', NULL),
(209, 7, 65, '2025-10-14', '2025-09-16 10:18:29', '2025-09-16 10:18:29', 'cloudy', 40),
(210, 7, 60, '2025-10-15', '2025-09-16 10:18:29', '2025-09-16 10:18:29', 'cloudy', 90),
(211, 8, -47, '2025-09-16', '2025-09-16 10:18:29', '2025-09-16 10:18:29', 'snowy', 70),
(212, 8, -43, '2025-09-17', '2025-09-16 10:18:29', '2025-09-16 10:18:29', 'sunny', NULL),
(213, 8, -44, '2025-09-18', '2025-09-16 10:18:29', '2025-09-16 10:18:29', 'snowy', 29),
(214, 8, -45, '2025-09-19', '2025-09-16 10:18:29', '2025-09-16 10:18:29', 'snowy', 77),
(215, 8, -43, '2025-09-20', '2025-09-16 10:18:29', '2025-09-16 10:18:29', 'snowy', 49),
(216, 8, -43, '2025-09-21', '2025-09-16 10:18:29', '2025-09-16 10:18:29', 'snowy', 98),
(217, 8, -43, '2025-09-22', '2025-09-16 10:18:29', '2025-09-16 10:18:29', 'snowy', 84),
(218, 8, -38, '2025-09-23', '2025-09-16 10:18:29', '2025-09-16 10:18:29', 'sunny', NULL),
(219, 8, -41, '2025-09-24', '2025-09-16 10:18:29', '2025-09-16 10:18:29', 'snowy', 7),
(220, 8, -44, '2025-09-25', '2025-09-16 10:18:29', '2025-09-16 10:18:29', 'rainy', 32),
(221, 8, -40, '2025-09-26', '2025-09-16 10:18:29', '2025-09-16 10:18:29', 'sunny', NULL),
(222, 8, -37, '2025-09-27', '2025-09-16 10:18:29', '2025-09-16 10:18:29', 'sunny', NULL),
(223, 8, -40, '2025-09-28', '2025-09-16 10:18:29', '2025-09-16 10:18:29', 'cloudy', 69),
(224, 8, -37, '2025-09-29', '2025-09-16 10:18:29', '2025-09-16 10:18:29', 'sunny', NULL),
(225, 8, -39, '2025-09-30', '2025-09-16 10:18:29', '2025-09-16 10:18:29', 'sunny', NULL),
(226, 8, -40, '2025-10-01', '2025-09-16 10:18:29', '2025-09-16 10:18:29', 'snowy', 34),
(227, 8, -43, '2025-10-02', '2025-09-16 10:18:29', '2025-09-16 10:18:29', 'rainy', 54),
(228, 8, -39, '2025-10-03', '2025-09-16 10:18:29', '2025-09-16 10:18:29', 'sunny', NULL),
(229, 8, -40, '2025-10-04', '2025-09-16 10:18:29', '2025-09-16 10:18:29', 'sunny', NULL),
(230, 8, -40, '2025-10-05', '2025-09-16 10:18:29', '2025-09-16 10:18:29', 'snowy', 63),
(231, 8, -38, '2025-10-06', '2025-09-16 10:18:29', '2025-09-16 10:18:29', 'rainy', 89),
(232, 8, -43, '2025-10-07', '2025-09-16 10:18:29', '2025-09-16 10:18:29', 'sunny', NULL),
(233, 8, -39, '2025-10-08', '2025-09-16 10:18:29', '2025-09-16 10:18:29', 'cloudy', 50),
(234, 8, -35, '2025-10-09', '2025-09-16 10:18:29', '2025-09-16 10:18:29', 'cloudy', 80),
(235, 8, -33, '2025-10-10', '2025-09-16 10:18:29', '2025-09-16 10:18:29', 'cloudy', 82),
(236, 8, -36, '2025-10-11', '2025-09-16 10:18:29', '2025-09-16 10:18:29', 'snowy', 28),
(237, 8, -32, '2025-10-12', '2025-09-16 10:18:29', '2025-09-16 10:18:29', 'snowy', 83),
(238, 8, -33, '2025-10-13', '2025-09-16 10:18:29', '2025-09-16 10:18:29', 'rainy', 61),
(239, 8, -32, '2025-10-14', '2025-09-16 10:18:29', '2025-09-16 10:18:29', 'rainy', 16),
(240, 8, -28, '2025-10-15', '2025-09-16 10:18:29', '2025-09-16 10:18:29', 'sunny', NULL),
(241, 9, 12, '2025-09-16', '2025-09-16 10:18:29', '2025-09-16 10:18:29', 'cloudy', 15),
(242, 9, 12, '2025-09-17', '2025-09-16 10:18:29', '2025-09-16 10:18:29', 'snowy', 19),
(243, 9, 9, '2025-09-18', '2025-09-16 10:18:29', '2025-09-16 10:18:29', 'rainy', 93),
(244, 9, 12, '2025-09-19', '2025-09-16 10:18:29', '2025-09-16 10:18:29', 'snowy', 63),
(245, 9, 13, '2025-09-20', '2025-09-16 10:18:29', '2025-09-16 10:18:29', 'snowy', 93),
(246, 9, 18, '2025-09-21', '2025-09-16 10:18:29', '2025-09-16 10:18:29', 'cloudy', 87),
(247, 9, 18, '2025-09-22', '2025-09-16 10:18:29', '2025-09-16 10:18:29', 'rainy', 62),
(248, 9, 16, '2025-09-23', '2025-09-16 10:18:29', '2025-09-16 10:18:29', 'cloudy', 14),
(249, 9, 15, '2025-09-24', '2025-09-16 10:18:29', '2025-09-16 10:18:29', 'cloudy', 100),
(250, 9, 13, '2025-09-25', '2025-09-16 10:18:29', '2025-09-16 10:18:29', 'snowy', 82),
(251, 9, 8, '2025-09-26', '2025-09-16 10:18:29', '2025-09-16 10:18:29', 'sunny', NULL),
(252, 9, 10, '2025-09-27', '2025-09-16 10:18:29', '2025-09-16 10:18:29', 'cloudy', 87),
(253, 9, 6, '2025-09-28', '2025-09-16 10:18:29', '2025-09-16 10:18:29', 'rainy', 24),
(254, 9, 5, '2025-09-29', '2025-09-16 10:18:29', '2025-09-16 10:18:29', 'rainy', 99),
(255, 9, 6, '2025-09-30', '2025-09-16 10:18:29', '2025-09-16 10:18:29', 'rainy', 21),
(256, 9, 6, '2025-10-01', '2025-09-16 10:18:29', '2025-09-16 10:18:29', 'sunny', NULL),
(257, 9, 10, '2025-10-02', '2025-09-16 10:18:29', '2025-09-16 10:18:29', 'sunny', NULL),
(258, 9, 15, '2025-10-03', '2025-09-16 10:18:29', '2025-09-16 10:18:29', 'sunny', NULL),
(259, 9, 20, '2025-10-04', '2025-09-16 10:18:29', '2025-09-16 10:18:29', 'snowy', 7),
(260, 9, 20, '2025-10-05', '2025-09-16 10:18:29', '2025-09-16 10:18:29', 'snowy', 53),
(261, 9, 16, '2025-10-06', '2025-09-16 10:18:29', '2025-09-16 10:18:29', 'snowy', 76),
(262, 9, 20, '2025-10-07', '2025-09-16 10:18:29', '2025-09-16 10:18:29', 'sunny', NULL),
(263, 9, 16, '2025-10-08', '2025-09-16 10:18:29', '2025-09-16 10:18:29', 'sunny', NULL),
(264, 9, 11, '2025-10-09', '2025-09-16 10:18:29', '2025-09-16 10:18:29', 'snowy', 98),
(265, 9, 14, '2025-10-10', '2025-09-16 10:18:29', '2025-09-16 10:18:29', 'snowy', 51),
(266, 9, 17, '2025-10-11', '2025-09-16 10:18:29', '2025-09-16 10:18:29', 'cloudy', 11),
(267, 9, 17, '2025-10-12', '2025-09-16 10:18:29', '2025-09-16 10:18:29', 'snowy', 76),
(268, 9, 14, '2025-10-13', '2025-09-16 10:18:29', '2025-09-16 10:18:29', 'snowy', 65),
(269, 9, 10, '2025-10-14', '2025-09-16 10:18:29', '2025-09-16 10:18:29', 'snowy', 98),
(270, 9, 14, '2025-10-15', '2025-09-16 10:18:29', '2025-09-16 10:18:29', 'cloudy', 84),
(271, 10, -5, '2025-09-16', '2025-09-16 10:18:29', '2025-09-16 10:18:29', 'cloudy', 25),
(272, 10, 0, '2025-09-17', '2025-09-16 10:18:29', '2025-09-16 10:18:29', 'snowy', 53),
(273, 10, 4, '2025-09-18', '2025-09-16 10:18:29', '2025-09-16 10:18:29', 'rainy', 46),
(274, 10, 1, '2025-09-19', '2025-09-16 10:18:29', '2025-09-16 10:18:29', 'snowy', 97),
(275, 10, 2, '2025-09-20', '2025-09-16 10:18:29', '2025-09-16 10:18:29', 'snowy', 50),
(276, 10, 2, '2025-09-21', '2025-09-16 10:18:29', '2025-09-16 10:18:29', 'snowy', 56),
(277, 10, 5, '2025-09-22', '2025-09-16 10:18:29', '2025-09-16 10:18:29', 'sunny', NULL),
(278, 10, 4, '2025-09-23', '2025-09-16 10:18:29', '2025-09-16 10:18:29', 'rainy', 65),
(279, 10, 4, '2025-09-24', '2025-09-16 10:18:29', '2025-09-16 10:18:29', 'sunny', NULL),
(280, 10, 2, '2025-09-25', '2025-09-16 10:18:29', '2025-09-16 10:18:29', 'rainy', 53),
(281, 10, 2, '2025-09-26', '2025-09-16 10:18:29', '2025-09-16 10:18:29', 'snowy', 92),
(282, 10, 7, '2025-09-27', '2025-09-16 10:18:29', '2025-09-16 10:18:29', 'cloudy', 61),
(283, 10, 9, '2025-09-28', '2025-09-16 10:18:29', '2025-09-16 10:18:29', 'sunny', NULL),
(284, 10, 9, '2025-09-29', '2025-09-16 10:18:29', '2025-09-16 10:18:29', 'sunny', NULL),
(285, 10, 4, '2025-09-30', '2025-09-16 10:18:29', '2025-09-16 10:18:29', 'cloudy', 72),
(286, 10, 2, '2025-10-01', '2025-09-16 10:18:29', '2025-09-16 10:18:29', 'cloudy', 95),
(287, 10, 7, '2025-10-02', '2025-09-16 10:18:29', '2025-09-16 10:18:29', 'rainy', 88),
(288, 10, 5, '2025-10-03', '2025-09-16 10:18:29', '2025-09-16 10:18:29', 'cloudy', 56),
(289, 10, 4, '2025-10-04', '2025-09-16 10:18:29', '2025-09-16 10:18:29', 'rainy', 70),
(290, 10, 4, '2025-10-05', '2025-09-16 10:18:29', '2025-09-16 10:18:29', 'cloudy', 10),
(291, 10, 1, '2025-10-06', '2025-09-16 10:18:29', '2025-09-16 10:18:29', 'cloudy', 97),
(292, 10, 3, '2025-10-07', '2025-09-16 10:18:29', '2025-09-16 10:18:29', 'cloudy', 33),
(293, 10, 8, '2025-10-08', '2025-09-16 10:18:29', '2025-09-16 10:18:29', 'sunny', NULL),
(294, 10, 9, '2025-10-09', '2025-09-16 10:18:29', '2025-09-16 10:18:29', 'sunny', NULL),
(295, 10, 10, '2025-10-10', '2025-09-16 10:18:29', '2025-09-16 10:18:29', 'cloudy', 69),
(296, 10, 13, '2025-10-11', '2025-09-16 10:18:29', '2025-09-16 10:18:29', 'snowy', 72),
(297, 10, 9, '2025-10-12', '2025-09-16 10:18:29', '2025-09-16 10:18:29', 'rainy', 94),
(298, 10, 10, '2025-10-13', '2025-09-16 10:18:29', '2025-09-16 10:18:29', 'rainy', 34),
(299, 10, 14, '2025-10-14', '2025-09-16 10:18:29', '2025-09-16 10:18:29', 'sunny', NULL),
(300, 10, 11, '2025-10-15', '2025-09-16 10:18:29', '2025-09-16 10:18:29', 'snowy', 77),
(301, 11, -7, '2025-09-16', '2025-09-16 10:18:29', '2025-09-16 10:18:29', 'rainy', 86),
(302, 11, -4, '2025-09-17', '2025-09-16 10:18:29', '2025-09-16 10:18:29', 'cloudy', 11),
(303, 11, 1, '2025-09-18', '2025-09-16 10:18:29', '2025-09-16 10:18:29', 'cloudy', 64),
(304, 11, 4, '2025-09-19', '2025-09-16 10:18:29', '2025-09-16 10:18:29', 'rainy', 58),
(305, 11, 2, '2025-09-20', '2025-09-16 10:18:29', '2025-09-16 10:18:29', 'rainy', 32),
(306, 11, 2, '2025-09-21', '2025-09-16 10:18:29', '2025-09-16 10:18:29', 'sunny', NULL),
(307, 11, 2, '2025-09-22', '2025-09-16 10:18:29', '2025-09-16 10:18:29', 'sunny', NULL),
(308, 11, 0, '2025-09-23', '2025-09-16 10:18:29', '2025-09-16 10:18:29', 'sunny', NULL),
(309, 11, 3, '2025-09-24', '2025-09-16 10:18:29', '2025-09-16 10:18:29', 'cloudy', 21),
(310, 11, 5, '2025-09-25', '2025-09-16 10:18:29', '2025-09-16 10:18:29', 'rainy', 26),
(311, 11, 4, '2025-09-26', '2025-09-16 10:18:29', '2025-09-16 10:18:29', 'cloudy', 88),
(312, 11, 6, '2025-09-27', '2025-09-16 10:18:29', '2025-09-16 10:18:29', 'rainy', 60),
(313, 11, 10, '2025-09-28', '2025-09-16 10:18:29', '2025-09-16 10:18:29', 'cloudy', 16),
(314, 11, 5, '2025-09-29', '2025-09-16 10:18:29', '2025-09-16 10:18:29', 'snowy', 100),
(315, 11, 0, '2025-09-30', '2025-09-16 10:18:29', '2025-09-16 10:18:29', 'cloudy', 81),
(316, 11, 3, '2025-10-01', '2025-09-16 10:18:29', '2025-09-16 10:18:29', 'cloudy', 65),
(317, 11, 7, '2025-10-02', '2025-09-16 10:18:29', '2025-09-16 10:18:29', 'sunny', NULL),
(318, 11, 12, '2025-10-03', '2025-09-16 10:18:29', '2025-09-16 10:18:29', 'snowy', 11),
(319, 11, 12, '2025-10-04', '2025-09-16 10:18:29', '2025-09-16 10:18:29', 'rainy', 15),
(320, 11, 16, '2025-10-05', '2025-09-16 10:18:29', '2025-09-16 10:18:29', 'rainy', 43),
(321, 11, 21, '2025-10-06', '2025-09-16 10:18:29', '2025-09-16 10:18:29', 'sunny', NULL),
(322, 11, 16, '2025-10-07', '2025-09-16 10:18:29', '2025-09-16 10:18:29', 'cloudy', 65),
(323, 11, 17, '2025-10-08', '2025-09-16 10:18:29', '2025-09-16 10:18:29', 'snowy', 87),
(324, 11, 15, '2025-10-09', '2025-09-16 10:18:29', '2025-09-16 10:18:29', 'rainy', 49),
(325, 11, 15, '2025-10-10', '2025-09-16 10:18:29', '2025-09-16 10:18:29', 'snowy', 59),
(326, 11, 13, '2025-10-11', '2025-09-16 10:18:29', '2025-09-16 10:18:29', 'rainy', 67),
(327, 11, 9, '2025-10-12', '2025-09-16 10:18:29', '2025-09-16 10:18:29', 'sunny', NULL),
(328, 11, 13, '2025-10-13', '2025-09-16 10:18:29', '2025-09-16 10:18:29', 'sunny', NULL),
(329, 11, 15, '2025-10-14', '2025-09-16 10:18:29', '2025-09-16 10:18:29', 'sunny', NULL),
(330, 11, 14, '2025-10-15', '2025-09-16 10:18:29', '2025-09-16 10:18:29', 'sunny', NULL),
(331, 12, 22, '2025-09-16', '2025-09-16 10:18:29', '2025-09-16 10:18:29', 'rainy', 74),
(332, 12, 22, '2025-09-17', '2025-09-16 10:18:29', '2025-09-16 10:18:29', 'sunny', NULL),
(333, 12, 23, '2025-09-18', '2025-09-16 10:18:29', '2025-09-16 10:18:29', 'snowy', 3),
(334, 12, 19, '2025-09-19', '2025-09-16 10:18:29', '2025-09-16 10:18:29', 'sunny', NULL),
(335, 12, 18, '2025-09-20', '2025-09-16 10:18:29', '2025-09-16 10:18:29', 'cloudy', 43),
(336, 12, 17, '2025-09-21', '2025-09-16 10:18:29', '2025-09-16 10:18:29', 'snowy', 97),
(337, 12, 12, '2025-09-22', '2025-09-16 10:18:29', '2025-09-16 10:18:29', 'rainy', 20),
(338, 12, 13, '2025-09-23', '2025-09-16 10:18:29', '2025-09-16 10:18:29', 'rainy', 28),
(339, 12, 9, '2025-09-24', '2025-09-16 10:18:29', '2025-09-16 10:18:29', 'cloudy', 35),
(340, 12, 13, '2025-09-25', '2025-09-16 10:18:29', '2025-09-16 10:18:29', 'cloudy', 51),
(341, 12, 12, '2025-09-26', '2025-09-16 10:18:29', '2025-09-16 10:18:29', 'snowy', 89),
(342, 12, 9, '2025-09-27', '2025-09-16 10:18:29', '2025-09-16 10:18:29', 'rainy', 84),
(343, 12, 13, '2025-09-28', '2025-09-16 10:18:29', '2025-09-16 10:18:29', 'cloudy', 4),
(344, 12, 16, '2025-09-29', '2025-09-16 10:18:29', '2025-09-16 10:18:29', 'snowy', 44),
(345, 12, 13, '2025-09-30', '2025-09-16 10:18:29', '2025-09-16 10:18:29', 'sunny', NULL),
(346, 12, 14, '2025-10-01', '2025-09-16 10:18:29', '2025-09-16 10:18:29', 'rainy', 94),
(347, 12, 12, '2025-10-02', '2025-09-16 10:18:29', '2025-09-16 10:18:29', 'cloudy', 24),
(348, 12, 13, '2025-10-03', '2025-09-16 10:18:29', '2025-09-16 10:18:29', 'rainy', 14),
(349, 12, 16, '2025-10-04', '2025-09-16 10:18:29', '2025-09-16 10:18:29', 'sunny', NULL),
(350, 12, 21, '2025-10-05', '2025-09-16 10:18:29', '2025-09-16 10:18:29', 'snowy', 61),
(351, 12, 22, '2025-10-06', '2025-09-16 10:18:29', '2025-09-16 10:18:29', 'sunny', NULL),
(352, 12, 19, '2025-10-07', '2025-09-16 10:18:29', '2025-09-16 10:18:29', 'cloudy', 70),
(353, 12, 22, '2025-10-08', '2025-09-16 10:18:29', '2025-09-16 10:18:29', 'snowy', 40),
(354, 12, 17, '2025-10-09', '2025-09-16 10:18:29', '2025-09-16 10:18:29', 'snowy', 17),
(355, 12, 12, '2025-10-10', '2025-09-16 10:18:29', '2025-09-16 10:18:29', 'cloudy', 31),
(356, 12, 15, '2025-10-11', '2025-09-16 10:18:29', '2025-09-16 10:18:29', 'rainy', 17),
(357, 12, 13, '2025-10-12', '2025-09-16 10:18:29', '2025-09-16 10:18:29', 'rainy', 86),
(358, 12, 12, '2025-10-13', '2025-09-16 10:18:29', '2025-09-16 10:18:29', 'snowy', 62),
(359, 12, 9, '2025-10-14', '2025-09-16 10:18:29', '2025-09-16 10:18:29', 'snowy', 32),
(360, 12, 10, '2025-10-15', '2025-09-16 10:18:29', '2025-09-16 10:18:29', 'sunny', NULL),
(361, 13, 0, '2025-09-16', '2025-09-16 10:18:29', '2025-09-16 10:18:29', 'snowy', 48),
(362, 13, -1, '2025-09-17', '2025-09-16 10:18:29', '2025-09-16 10:18:29', 'rainy', 98),
(363, 13, -3, '2025-09-18', '2025-09-16 10:18:29', '2025-09-16 10:18:29', 'cloudy', 51),
(364, 13, -2, '2025-09-19', '2025-09-16 10:18:29', '2025-09-16 10:18:29', 'snowy', 42),
(365, 13, -7, '2025-09-20', '2025-09-16 10:18:29', '2025-09-16 10:18:29', 'snowy', 56),
(366, 13, -12, '2025-09-21', '2025-09-16 10:18:29', '2025-09-16 10:18:29', 'sunny', NULL),
(367, 13, -16, '2025-09-22', '2025-09-16 10:18:29', '2025-09-16 10:18:29', 'cloudy', 54),
(368, 13, -15, '2025-09-23', '2025-09-16 10:18:29', '2025-09-16 10:18:29', 'snowy', 37),
(369, 13, -15, '2025-09-24', '2025-09-16 10:18:29', '2025-09-16 10:18:29', 'rainy', 27),
(370, 13, -11, '2025-09-25', '2025-09-16 10:18:29', '2025-09-16 10:18:29', 'rainy', 88),
(371, 13, -13, '2025-09-26', '2025-09-16 10:18:29', '2025-09-16 10:18:29', 'sunny', NULL),
(372, 13, -15, '2025-09-27', '2025-09-16 10:18:29', '2025-09-16 10:18:29', 'sunny', NULL),
(373, 13, -10, '2025-09-28', '2025-09-16 10:18:29', '2025-09-16 10:18:29', 'snowy', 89),
(374, 13, -8, '2025-09-29', '2025-09-16 10:18:29', '2025-09-16 10:18:29', 'rainy', 7),
(375, 13, -11, '2025-09-30', '2025-09-16 10:18:29', '2025-09-16 10:18:29', 'rainy', 4),
(376, 13, -11, '2025-10-01', '2025-09-16 10:18:29', '2025-09-16 10:18:29', 'snowy', 72),
(377, 13, -8, '2025-10-02', '2025-09-16 10:18:29', '2025-09-16 10:18:29', 'sunny', NULL),
(378, 13, -12, '2025-10-03', '2025-09-16 10:18:29', '2025-09-16 10:18:29', 'sunny', NULL),
(379, 13, -15, '2025-10-04', '2025-09-16 10:18:29', '2025-09-16 10:18:29', 'sunny', NULL),
(380, 13, -15, '2025-10-05', '2025-09-16 10:18:29', '2025-09-16 10:18:29', 'rainy', 43),
(381, 13, -18, '2025-10-06', '2025-09-16 10:18:29', '2025-09-16 10:18:29', 'rainy', 33),
(382, 13, -22, '2025-10-07', '2025-09-16 10:18:29', '2025-09-16 10:18:29', 'cloudy', 55),
(383, 13, -20, '2025-10-08', '2025-09-16 10:18:29', '2025-09-16 10:18:29', 'sunny', NULL),
(384, 13, -23, '2025-10-09', '2025-09-16 10:18:29', '2025-09-16 10:18:29', 'sunny', NULL),
(385, 13, -25, '2025-10-10', '2025-09-16 10:18:29', '2025-09-16 10:18:29', 'sunny', NULL),
(386, 13, -30, '2025-10-11', '2025-09-16 10:18:29', '2025-09-16 10:18:29', 'sunny', NULL),
(387, 13, -29, '2025-10-12', '2025-09-16 10:18:29', '2025-09-16 10:18:29', 'sunny', NULL),
(388, 13, -26, '2025-10-13', '2025-09-16 10:18:29', '2025-09-16 10:18:29', 'snowy', 5),
(389, 13, -21, '2025-10-14', '2025-09-16 10:18:29', '2025-09-16 10:18:29', 'sunny', NULL),
(390, 13, -25, '2025-10-15', '2025-09-16 10:18:29', '2025-09-16 10:18:29', 'rainy', 62),
(391, 14, -39, '2025-09-16', '2025-09-16 10:18:29', '2025-09-16 10:18:29', 'cloudy', 56),
(392, 14, -39, '2025-09-17', '2025-09-16 10:18:29', '2025-09-16 10:18:29', 'snowy', 72),
(393, 14, -38, '2025-09-18', '2025-09-16 10:18:29', '2025-09-16 10:18:29', 'snowy', 81),
(394, 14, -40, '2025-09-19', '2025-09-16 10:18:29', '2025-09-16 10:18:29', 'cloudy', 43),
(395, 14, -40, '2025-09-20', '2025-09-16 10:18:29', '2025-09-16 10:18:29', 'cloudy', 18),
(396, 14, -37, '2025-09-21', '2025-09-16 10:18:29', '2025-09-16 10:18:29', 'rainy', 28),
(397, 14, -32, '2025-09-22', '2025-09-16 10:18:29', '2025-09-16 10:18:29', 'cloudy', 62),
(398, 14, -30, '2025-09-23', '2025-09-16 10:18:29', '2025-09-16 10:18:29', 'rainy', 19),
(399, 14, -33, '2025-09-24', '2025-09-16 10:18:29', '2025-09-16 10:18:29', 'snowy', 88),
(400, 14, -36, '2025-09-25', '2025-09-16 10:18:29', '2025-09-16 10:18:29', 'snowy', 88),
(401, 14, -35, '2025-09-26', '2025-09-16 10:18:29', '2025-09-16 10:18:29', 'sunny', NULL),
(402, 14, -36, '2025-09-27', '2025-09-16 10:18:29', '2025-09-16 10:18:29', 'sunny', NULL),
(403, 14, -37, '2025-09-28', '2025-09-16 10:18:29', '2025-09-16 10:18:29', 'snowy', 26),
(404, 14, -33, '2025-09-29', '2025-09-16 10:18:29', '2025-09-16 10:18:29', 'sunny', NULL),
(405, 14, -36, '2025-09-30', '2025-09-16 10:18:29', '2025-09-16 10:18:29', 'sunny', NULL),
(406, 14, -33, '2025-10-01', '2025-09-16 10:18:29', '2025-09-16 10:18:29', 'cloudy', 3),
(407, 14, -35, '2025-10-02', '2025-09-16 10:18:29', '2025-09-16 10:18:29', 'sunny', NULL),
(408, 14, -31, '2025-10-03', '2025-09-16 10:18:29', '2025-09-16 10:18:29', 'cloudy', 94),
(409, 14, -26, '2025-10-04', '2025-09-16 10:18:29', '2025-09-16 10:18:29', 'rainy', 13),
(410, 14, -22, '2025-10-05', '2025-09-16 10:18:29', '2025-09-16 10:18:29', 'snowy', 51),
(411, 14, -21, '2025-10-06', '2025-09-16 10:18:29', '2025-09-16 10:18:29', 'cloudy', 90),
(412, 14, -18, '2025-10-07', '2025-09-16 10:18:29', '2025-09-16 10:18:29', 'sunny', NULL),
(413, 14, -21, '2025-10-08', '2025-09-16 10:18:29', '2025-09-16 10:18:29', 'sunny', NULL),
(414, 14, -23, '2025-10-09', '2025-09-16 10:18:29', '2025-09-16 10:18:29', 'snowy', 37),
(415, 14, -26, '2025-10-10', '2025-09-16 10:18:29', '2025-09-16 10:18:29', 'cloudy', 69),
(416, 14, -26, '2025-10-11', '2025-09-16 10:18:29', '2025-09-16 10:18:29', 'sunny', NULL),
(417, 14, -28, '2025-10-12', '2025-09-16 10:18:29', '2025-09-16 10:18:29', 'rainy', 74),
(418, 14, -29, '2025-10-13', '2025-09-16 10:18:29', '2025-09-16 10:18:29', 'snowy', 34),
(419, 14, -24, '2025-10-14', '2025-09-16 10:18:29', '2025-09-16 10:18:29', 'snowy', 55),
(420, 14, -27, '2025-10-15', '2025-09-16 10:18:29', '2025-09-16 10:18:29', 'rainy', 20),
(421, 15, -16, '2025-09-16', '2025-09-16 10:18:29', '2025-09-16 10:18:29', 'snowy', 33),
(422, 15, -14, '2025-09-17', '2025-09-16 10:18:29', '2025-09-16 10:18:29', 'rainy', 11),
(423, 15, -11, '2025-09-18', '2025-09-16 10:18:29', '2025-09-16 10:18:29', 'sunny', NULL),
(424, 15, -9, '2025-09-19', '2025-09-16 10:18:29', '2025-09-16 10:18:29', 'sunny', NULL),
(425, 15, -14, '2025-09-20', '2025-09-16 10:18:29', '2025-09-16 10:18:29', 'rainy', 79),
(426, 15, -13, '2025-09-21', '2025-09-16 10:18:29', '2025-09-16 10:18:29', 'rainy', 1),
(427, 15, -10, '2025-09-22', '2025-09-16 10:18:29', '2025-09-16 10:18:29', 'cloudy', 71),
(428, 15, -6, '2025-09-23', '2025-09-16 10:18:29', '2025-09-16 10:18:29', 'snowy', 72),
(429, 15, -11, '2025-09-24', '2025-09-16 10:18:29', '2025-09-16 10:18:29', 'snowy', 26),
(430, 15, -14, '2025-09-25', '2025-09-16 10:18:29', '2025-09-16 10:18:29', 'snowy', 99),
(431, 15, -14, '2025-09-26', '2025-09-16 10:18:29', '2025-09-16 10:18:29', 'rainy', 96),
(432, 15, -9, '2025-09-27', '2025-09-16 10:18:29', '2025-09-16 10:18:29', 'rainy', 92),
(433, 15, -13, '2025-09-28', '2025-09-16 10:18:29', '2025-09-16 10:18:29', 'rainy', 18),
(434, 15, -15, '2025-09-29', '2025-09-16 10:18:29', '2025-09-16 10:18:29', 'sunny', NULL),
(435, 15, -13, '2025-09-30', '2025-09-16 10:18:29', '2025-09-16 10:18:29', 'cloudy', 28),
(436, 15, -8, '2025-10-01', '2025-09-16 10:18:29', '2025-09-16 10:18:29', 'sunny', NULL),
(437, 15, -3, '2025-10-02', '2025-09-16 10:18:29', '2025-09-16 10:18:29', 'rainy', 6),
(438, 15, -3, '2025-10-03', '2025-09-16 10:18:29', '2025-09-16 10:18:29', 'cloudy', 52),
(439, 15, -8, '2025-10-04', '2025-09-16 10:18:29', '2025-09-16 10:18:29', 'rainy', 30),
(440, 15, -12, '2025-10-05', '2025-09-16 10:18:29', '2025-09-16 10:18:29', 'sunny', NULL),
(441, 15, -13, '2025-10-06', '2025-09-16 10:18:29', '2025-09-16 10:18:29', 'cloudy', 42),
(442, 15, -10, '2025-10-07', '2025-09-16 10:18:29', '2025-09-16 10:18:29', 'sunny', NULL),
(443, 15, -15, '2025-10-08', '2025-09-16 10:18:29', '2025-09-16 10:18:29', 'rainy', 54),
(444, 15, -19, '2025-10-09', '2025-09-16 10:18:29', '2025-09-16 10:18:29', 'rainy', 95),
(445, 15, -22, '2025-10-10', '2025-09-16 10:18:29', '2025-09-16 10:18:29', 'rainy', 7),
(446, 15, -25, '2025-10-11', '2025-09-16 10:18:29', '2025-09-16 10:18:29', 'rainy', 45),
(447, 15, -25, '2025-10-12', '2025-09-16 10:18:29', '2025-09-16 10:18:29', 'snowy', 88),
(448, 15, -29, '2025-10-13', '2025-09-16 10:18:29', '2025-09-16 10:18:29', 'rainy', 95),
(449, 15, -30, '2025-10-14', '2025-09-16 10:18:29', '2025-09-16 10:18:29', 'snowy', 93),
(450, 15, -25, '2025-10-15', '2025-09-16 10:18:29', '2025-09-16 10:18:29', 'sunny', NULL),
(451, 16, 49, '2025-09-16', '2025-09-16 10:18:29', '2025-09-16 10:18:29', 'rainy', 88),
(452, 16, 45, '2025-09-17', '2025-09-16 10:18:29', '2025-09-16 10:18:29', 'snowy', 23),
(453, 16, 49, '2025-09-18', '2025-09-16 10:18:29', '2025-09-16 10:18:29', 'sunny', NULL),
(454, 16, 48, '2025-09-19', '2025-09-16 10:18:29', '2025-09-16 10:18:29', 'sunny', NULL),
(455, 16, 46, '2025-09-20', '2025-09-16 10:18:29', '2025-09-16 10:18:29', 'cloudy', 7),
(456, 16, 51, '2025-09-21', '2025-09-16 10:18:29', '2025-09-16 10:18:29', 'snowy', 59),
(457, 16, 56, '2025-09-22', '2025-09-16 10:18:29', '2025-09-16 10:18:29', 'cloudy', 93),
(458, 16, 60, '2025-09-23', '2025-09-16 10:18:29', '2025-09-16 10:18:29', 'sunny', NULL),
(459, 16, 63, '2025-09-24', '2025-09-16 10:18:29', '2025-09-16 10:18:29', 'sunny', NULL),
(460, 16, 64, '2025-09-25', '2025-09-16 10:18:29', '2025-09-16 10:18:29', 'snowy', 10),
(461, 16, 68, '2025-09-26', '2025-09-16 10:18:29', '2025-09-16 10:18:29', 'snowy', 24),
(462, 16, 65, '2025-09-27', '2025-09-16 10:18:29', '2025-09-16 10:18:29', 'sunny', NULL),
(463, 16, 69, '2025-09-28', '2025-09-16 10:18:29', '2025-09-16 10:18:29', 'cloudy', 87),
(464, 16, 70, '2025-09-29', '2025-09-16 10:18:29', '2025-09-16 10:18:29', 'rainy', 88),
(465, 16, 68, '2025-09-30', '2025-09-16 10:18:29', '2025-09-16 10:18:29', 'sunny', NULL),
(466, 16, 63, '2025-10-01', '2025-09-16 10:18:29', '2025-09-16 10:18:29', 'cloudy', 63),
(467, 16, 63, '2025-10-02', '2025-09-16 10:18:29', '2025-09-16 10:18:29', 'rainy', 38),
(468, 16, 62, '2025-10-03', '2025-09-16 10:18:29', '2025-09-16 10:18:29', 'snowy', 3),
(469, 16, 60, '2025-10-04', '2025-09-16 10:18:29', '2025-09-16 10:18:29', 'sunny', NULL),
(470, 16, 57, '2025-10-05', '2025-09-16 10:18:29', '2025-09-16 10:18:29', 'cloudy', 25),
(471, 16, 52, '2025-10-06', '2025-09-16 10:18:29', '2025-09-16 10:18:29', 'cloudy', 55),
(472, 16, 54, '2025-10-07', '2025-09-16 10:18:29', '2025-09-16 10:18:29', 'cloudy', 84),
(473, 16, 58, '2025-10-08', '2025-09-16 10:18:30', '2025-09-16 10:18:30', 'snowy', 16),
(474, 16, 62, '2025-10-09', '2025-09-16 10:18:30', '2025-09-16 10:18:30', 'cloudy', 80),
(475, 16, 65, '2025-10-10', '2025-09-16 10:18:30', '2025-09-16 10:18:30', 'snowy', 37),
(476, 16, 65, '2025-10-11', '2025-09-16 10:18:30', '2025-09-16 10:18:30', 'cloudy', 38),
(477, 16, 60, '2025-10-12', '2025-09-16 10:18:30', '2025-09-16 10:18:30', 'cloudy', 45),
(478, 16, 55, '2025-10-13', '2025-09-16 10:18:30', '2025-09-16 10:18:30', 'sunny', NULL),
(479, 16, 58, '2025-10-14', '2025-09-16 10:18:30', '2025-09-16 10:18:30', 'rainy', 53),
(480, 16, 57, '2025-10-15', '2025-09-16 10:18:30', '2025-09-16 10:18:30', 'cloudy', 27),
(481, 17, 1, '2025-09-16', '2025-09-16 10:18:30', '2025-09-16 10:18:30', 'cloudy', 73),
(482, 17, -2, '2025-09-17', '2025-09-16 10:18:30', '2025-09-16 10:18:30', 'cloudy', 88),
(483, 17, -5, '2025-09-18', '2025-09-16 10:18:30', '2025-09-16 10:18:30', 'sunny', NULL),
(484, 17, -10, '2025-09-19', '2025-09-16 10:18:30', '2025-09-16 10:18:30', 'rainy', 32),
(485, 17, -14, '2025-09-20', '2025-09-16 10:18:30', '2025-09-16 10:18:30', 'snowy', 59),
(486, 17, -15, '2025-09-21', '2025-09-16 10:18:30', '2025-09-16 10:18:30', 'sunny', NULL),
(487, 17, -10, '2025-09-22', '2025-09-16 10:18:30', '2025-09-16 10:18:30', 'rainy', 92),
(488, 17, -6, '2025-09-23', '2025-09-16 10:18:30', '2025-09-16 10:18:30', 'sunny', NULL),
(489, 17, -6, '2025-09-24', '2025-09-16 10:18:30', '2025-09-16 10:18:30', 'cloudy', 55),
(490, 17, -4, '2025-09-25', '2025-09-16 10:18:30', '2025-09-16 10:18:30', 'cloudy', 93),
(491, 17, 0, '2025-09-26', '2025-09-16 10:18:30', '2025-09-16 10:18:30', 'cloudy', 49),
(492, 17, -3, '2025-09-27', '2025-09-16 10:18:30', '2025-09-16 10:18:30', 'snowy', 8),
(493, 17, -2, '2025-09-28', '2025-09-16 10:18:30', '2025-09-16 10:18:30', 'snowy', 3),
(494, 17, -6, '2025-09-29', '2025-09-16 10:18:30', '2025-09-16 10:18:30', 'sunny', NULL),
(495, 17, -7, '2025-09-30', '2025-09-16 10:18:30', '2025-09-16 10:18:30', 'rainy', 3),
(496, 17, -12, '2025-10-01', '2025-09-16 10:18:30', '2025-09-16 10:18:30', 'rainy', 51),
(497, 17, -7, '2025-10-02', '2025-09-16 10:18:30', '2025-09-16 10:18:30', 'cloudy', 65),
(498, 17, -2, '2025-10-03', '2025-09-16 10:18:30', '2025-09-16 10:18:30', 'cloudy', 98),
(499, 17, 3, '2025-10-04', '2025-09-16 10:18:30', '2025-09-16 10:18:30', 'snowy', 27),
(500, 17, -2, '2025-10-05', '2025-09-16 10:18:30', '2025-09-16 10:18:30', 'cloudy', 66),
(501, 17, -7, '2025-10-06', '2025-09-16 10:18:30', '2025-09-16 10:18:30', 'sunny', NULL),
(502, 17, -7, '2025-10-07', '2025-09-16 10:18:30', '2025-09-16 10:18:30', 'cloudy', 40),
(503, 17, -2, '2025-10-08', '2025-09-16 10:18:30', '2025-09-16 10:18:30', 'snowy', 49),
(504, 17, -3, '2025-10-09', '2025-09-16 10:18:30', '2025-09-16 10:18:30', 'cloudy', 58),
(505, 17, 0, '2025-10-10', '2025-09-16 10:18:30', '2025-09-16 10:18:30', 'cloudy', 64),
(506, 17, -4, '2025-10-11', '2025-09-16 10:18:30', '2025-09-16 10:18:30', 'sunny', NULL),
(507, 17, -2, '2025-10-12', '2025-09-16 10:18:30', '2025-09-16 10:18:30', 'cloudy', 27),
(508, 17, -7, '2025-10-13', '2025-09-16 10:18:30', '2025-09-16 10:18:30', 'rainy', 78),
(509, 17, -3, '2025-10-14', '2025-09-16 10:18:30', '2025-09-16 10:18:30', 'sunny', NULL),
(510, 17, -2, '2025-10-15', '2025-09-16 10:18:30', '2025-09-16 10:18:30', 'snowy', 80),
(511, 18, 11, '2025-09-16', '2025-09-16 10:18:30', '2025-09-16 10:18:30', 'sunny', NULL),
(512, 18, 10, '2025-09-17', '2025-09-16 10:18:30', '2025-09-16 10:18:30', 'rainy', 22),
(513, 18, 15, '2025-09-18', '2025-09-16 10:18:30', '2025-09-16 10:18:30', 'rainy', 39),
(514, 18, 14, '2025-09-19', '2025-09-16 10:18:30', '2025-09-16 10:18:30', 'cloudy', 52),
(515, 18, 18, '2025-09-20', '2025-09-16 10:18:30', '2025-09-16 10:18:30', 'snowy', 30),
(516, 18, 18, '2025-09-21', '2025-09-16 10:18:30', '2025-09-16 10:18:30', 'rainy', 92),
(517, 18, 17, '2025-09-22', '2025-09-16 10:18:30', '2025-09-16 10:18:30', 'snowy', 78),
(518, 18, 15, '2025-09-23', '2025-09-16 10:18:30', '2025-09-16 10:18:30', 'rainy', 86),
(519, 18, 14, '2025-09-24', '2025-09-16 10:18:30', '2025-09-16 10:18:30', 'snowy', 48),
(520, 18, 10, '2025-09-25', '2025-09-16 10:18:30', '2025-09-16 10:18:30', 'sunny', NULL),
(521, 18, 5, '2025-09-26', '2025-09-16 10:18:30', '2025-09-16 10:18:30', 'cloudy', 47),
(522, 18, 10, '2025-09-27', '2025-09-16 10:18:30', '2025-09-16 10:18:30', 'rainy', 82),
(523, 18, 15, '2025-09-28', '2025-09-16 10:18:30', '2025-09-16 10:18:30', 'rainy', 52),
(524, 18, 20, '2025-09-29', '2025-09-16 10:18:30', '2025-09-16 10:18:30', 'snowy', 68),
(525, 18, 16, '2025-09-30', '2025-09-16 10:18:30', '2025-09-16 10:18:30', 'rainy', 51),
(526, 18, 15, '2025-10-01', '2025-09-16 10:18:30', '2025-09-16 10:18:30', 'rainy', 38),
(527, 18, 14, '2025-10-02', '2025-09-16 10:18:30', '2025-09-16 10:18:30', 'cloudy', 4),
(528, 18, 15, '2025-10-03', '2025-09-16 10:18:30', '2025-09-16 10:18:30', 'cloudy', 82),
(529, 18, 20, '2025-10-04', '2025-09-16 10:18:30', '2025-09-16 10:18:30', 'sunny', NULL),
(530, 18, 24, '2025-10-05', '2025-09-16 10:18:30', '2025-09-16 10:18:30', 'cloudy', 72),
(531, 18, 21, '2025-10-06', '2025-09-16 10:18:30', '2025-09-16 10:18:30', 'sunny', NULL),
(532, 18, 17, '2025-10-07', '2025-09-16 10:18:30', '2025-09-16 10:18:30', 'sunny', NULL),
(533, 18, 15, '2025-10-08', '2025-09-16 10:18:30', '2025-09-16 10:18:30', 'cloudy', 59),
(534, 18, 12, '2025-10-09', '2025-09-16 10:18:30', '2025-09-16 10:18:30', 'snowy', 44),
(535, 18, 14, '2025-10-10', '2025-09-16 10:18:30', '2025-09-16 10:18:30', 'rainy', 87),
(536, 18, 11, '2025-10-11', '2025-09-16 10:18:30', '2025-09-16 10:18:30', 'cloudy', 32),
(537, 18, 9, '2025-10-12', '2025-09-16 10:18:30', '2025-09-16 10:18:30', 'snowy', 50),
(538, 18, 5, '2025-10-13', '2025-09-16 10:18:30', '2025-09-16 10:18:30', 'cloudy', 20),
(539, 18, 1, '2025-10-14', '2025-09-16 10:18:30', '2025-09-16 10:18:30', 'snowy', 23),
(540, 18, 1, '2025-10-15', '2025-09-16 10:18:30', '2025-09-16 10:18:30', 'cloudy', 3),
(541, 19, 13, '2025-09-16', '2025-09-16 10:18:30', '2025-09-16 10:18:30', 'sunny', NULL),
(542, 19, 18, '2025-09-17', '2025-09-16 10:18:30', '2025-09-16 10:18:30', 'rainy', 17),
(543, 19, 17, '2025-09-18', '2025-09-16 10:18:30', '2025-09-16 10:18:30', 'snowy', 12),
(544, 19, 16, '2025-09-19', '2025-09-16 10:18:30', '2025-09-16 10:18:30', 'cloudy', 87),
(545, 19, 19, '2025-09-20', '2025-09-16 10:18:30', '2025-09-16 10:18:30', 'cloudy', 94),
(546, 19, 18, '2025-09-21', '2025-09-16 10:18:30', '2025-09-16 10:18:30', 'cloudy', 3),
(547, 19, 19, '2025-09-22', '2025-09-16 10:18:30', '2025-09-16 10:18:30', 'snowy', 6),
(548, 19, 18, '2025-09-23', '2025-09-16 10:18:30', '2025-09-16 10:18:30', 'sunny', NULL),
(549, 19, 14, '2025-09-24', '2025-09-16 10:18:30', '2025-09-16 10:18:30', 'rainy', 48),
(550, 19, 11, '2025-09-25', '2025-09-16 10:18:30', '2025-09-16 10:18:30', 'sunny', NULL),
(551, 19, 11, '2025-09-26', '2025-09-16 10:18:30', '2025-09-16 10:18:30', 'sunny', NULL),
(552, 19, 12, '2025-09-27', '2025-09-16 10:18:30', '2025-09-16 10:18:30', 'snowy', 99),
(553, 19, 10, '2025-09-28', '2025-09-16 10:18:30', '2025-09-16 10:18:30', 'rainy', 61),
(554, 19, 11, '2025-09-29', '2025-09-16 10:18:30', '2025-09-16 10:18:30', 'sunny', NULL),
(555, 19, 12, '2025-09-30', '2025-09-16 10:18:30', '2025-09-16 10:18:30', 'rainy', 18),
(556, 19, 13, '2025-10-01', '2025-09-16 10:18:30', '2025-09-16 10:18:30', 'rainy', 53),
(557, 19, 15, '2025-10-02', '2025-09-16 10:18:30', '2025-09-16 10:18:30', 'snowy', 59),
(558, 19, 19, '2025-10-03', '2025-09-16 10:18:30', '2025-09-16 10:18:30', 'sunny', NULL),
(559, 19, 16, '2025-10-04', '2025-09-16 10:18:30', '2025-09-16 10:18:30', 'rainy', 90),
(560, 19, 11, '2025-10-05', '2025-09-16 10:18:30', '2025-09-16 10:18:30', 'sunny', NULL),
(561, 19, 10, '2025-10-06', '2025-09-16 10:18:30', '2025-09-16 10:18:30', 'rainy', 94),
(562, 19, 10, '2025-10-07', '2025-09-16 10:18:30', '2025-09-16 10:18:30', 'cloudy', 48),
(563, 19, 13, '2025-10-08', '2025-09-16 10:18:30', '2025-09-16 10:18:30', 'snowy', 75),
(564, 19, 12, '2025-10-09', '2025-09-16 10:18:30', '2025-09-16 10:18:30', 'rainy', 94),
(565, 19, 7, '2025-10-10', '2025-09-16 10:18:30', '2025-09-16 10:18:30', 'rainy', 47),
(566, 19, 6, '2025-10-11', '2025-09-16 10:18:30', '2025-09-16 10:18:30', 'rainy', 66),
(567, 19, 10, '2025-10-12', '2025-09-16 10:18:30', '2025-09-16 10:18:30', 'snowy', 43),
(568, 19, 7, '2025-10-13', '2025-09-16 10:18:30', '2025-09-16 10:18:30', 'sunny', NULL),
(569, 19, 10, '2025-10-14', '2025-09-16 10:18:30', '2025-09-16 10:18:30', 'sunny', NULL),
(570, 19, 13, '2025-10-15', '2025-09-16 10:18:30', '2025-09-16 10:18:30', 'cloudy', 39),
(571, 20, -40, '2025-09-16', '2025-09-16 10:18:30', '2025-09-16 10:18:30', 'snowy', 93),
(572, 20, -37, '2025-09-17', '2025-09-16 10:18:30', '2025-09-16 10:18:30', 'sunny', NULL),
(573, 20, -34, '2025-09-18', '2025-09-16 10:18:30', '2025-09-16 10:18:30', 'rainy', 58),
(574, 20, -31, '2025-09-19', '2025-09-16 10:18:30', '2025-09-16 10:18:30', 'rainy', 12),
(575, 20, -26, '2025-09-20', '2025-09-16 10:18:30', '2025-09-16 10:18:30', 'cloudy', 40),
(576, 20, -27, '2025-09-21', '2025-09-16 10:18:30', '2025-09-16 10:18:30', 'sunny', NULL),
(577, 20, -26, '2025-09-22', '2025-09-16 10:18:30', '2025-09-16 10:18:30', 'snowy', 3),
(578, 20, -27, '2025-09-23', '2025-09-16 10:18:30', '2025-09-16 10:18:30', 'cloudy', 62);
INSERT INTO `forecasts` (`id`, `city_id`, `temperature`, `date`, `created_at`, `updated_at`, `weather_type`, `probabbility`) VALUES
(579, 20, -26, '2025-09-24', '2025-09-16 10:18:30', '2025-09-16 10:18:30', 'cloudy', 83),
(580, 20, -22, '2025-09-25', '2025-09-16 10:18:30', '2025-09-16 10:18:30', 'rainy', 73),
(581, 20, -18, '2025-09-26', '2025-09-16 10:18:30', '2025-09-16 10:18:30', 'cloudy', 80),
(582, 20, -22, '2025-09-27', '2025-09-16 10:18:30', '2025-09-16 10:18:30', 'cloudy', 16),
(583, 20, -20, '2025-09-28', '2025-09-16 10:18:30', '2025-09-16 10:18:30', 'cloudy', 72),
(584, 20, -18, '2025-09-29', '2025-09-16 10:18:30', '2025-09-16 10:18:30', 'rainy', 80),
(585, 20, -21, '2025-09-30', '2025-09-16 10:18:30', '2025-09-16 10:18:30', 'rainy', 11),
(586, 20, -20, '2025-10-01', '2025-09-16 10:18:30', '2025-09-16 10:18:30', 'snowy', 56),
(587, 20, -15, '2025-10-02', '2025-09-16 10:18:30', '2025-09-16 10:18:30', 'rainy', 57),
(588, 20, -11, '2025-10-03', '2025-09-16 10:18:30', '2025-09-16 10:18:30', 'snowy', 31),
(589, 20, -13, '2025-10-04', '2025-09-16 10:18:30', '2025-09-16 10:18:30', 'cloudy', 51),
(590, 20, -10, '2025-10-05', '2025-09-16 10:18:30', '2025-09-16 10:18:30', 'snowy', 57),
(591, 20, -10, '2025-10-06', '2025-09-16 10:18:30', '2025-09-16 10:18:30', 'sunny', NULL),
(592, 20, -7, '2025-10-07', '2025-09-16 10:18:30', '2025-09-16 10:18:30', 'sunny', NULL),
(593, 20, -6, '2025-10-08', '2025-09-16 10:18:30', '2025-09-16 10:18:30', 'snowy', 25),
(594, 20, -10, '2025-10-09', '2025-09-16 10:18:30', '2025-09-16 10:18:30', 'snowy', 77),
(595, 20, -7, '2025-10-10', '2025-09-16 10:18:30', '2025-09-16 10:18:30', 'cloudy', 63),
(596, 20, -3, '2025-10-11', '2025-09-16 10:18:30', '2025-09-16 10:18:30', 'rainy', 32),
(597, 20, -6, '2025-10-12', '2025-09-16 10:18:30', '2025-09-16 10:18:30', 'snowy', 65),
(598, 20, -3, '2025-10-13', '2025-09-16 10:18:30', '2025-09-16 10:18:30', 'cloudy', 98),
(599, 20, -6, '2025-10-14', '2025-09-16 10:18:30', '2025-09-16 10:18:30', 'rainy', 22),
(600, 20, -3, '2025-10-15', '2025-09-16 10:18:30', '2025-09-16 10:18:30', 'rainy', 73),
(601, 21, 19, '2025-09-16', '2025-09-16 10:18:30', '2025-09-16 10:18:30', 'rainy', 56),
(602, 21, 20, '2025-09-17', '2025-09-16 10:18:30', '2025-09-16 10:18:30', 'rainy', 45),
(603, 21, 16, '2025-09-18', '2025-09-16 10:18:30', '2025-09-16 10:18:30', 'cloudy', 48),
(604, 21, 13, '2025-09-19', '2025-09-16 10:18:30', '2025-09-16 10:18:30', 'rainy', 12),
(605, 21, 13, '2025-09-20', '2025-09-16 10:18:30', '2025-09-16 10:18:30', 'cloudy', 75),
(606, 21, 9, '2025-09-21', '2025-09-16 10:18:30', '2025-09-16 10:18:30', 'rainy', 55),
(607, 21, 11, '2025-09-22', '2025-09-16 10:18:30', '2025-09-16 10:18:30', 'snowy', 11),
(608, 21, 11, '2025-09-23', '2025-09-16 10:18:30', '2025-09-16 10:18:30', 'cloudy', 91),
(609, 21, 16, '2025-09-24', '2025-09-16 10:18:30', '2025-09-16 10:18:30', 'snowy', 37),
(610, 21, 19, '2025-09-25', '2025-09-16 10:18:30', '2025-09-16 10:18:30', 'sunny', NULL),
(611, 21, 23, '2025-09-26', '2025-09-16 10:18:30', '2025-09-16 10:18:30', 'sunny', NULL),
(612, 21, 21, '2025-09-27', '2025-09-16 10:18:30', '2025-09-16 10:18:30', 'sunny', NULL),
(613, 21, 16, '2025-09-28', '2025-09-16 10:18:30', '2025-09-16 10:18:30', 'rainy', 64),
(614, 21, 15, '2025-09-29', '2025-09-16 10:18:30', '2025-09-16 10:18:30', 'snowy', 52),
(615, 21, 18, '2025-09-30', '2025-09-16 10:18:30', '2025-09-16 10:18:30', 'rainy', 100),
(616, 21, 20, '2025-10-01', '2025-09-16 10:18:30', '2025-09-16 10:18:30', 'sunny', NULL),
(617, 21, 16, '2025-10-02', '2025-09-16 10:18:30', '2025-09-16 10:18:30', 'sunny', NULL),
(618, 21, 16, '2025-10-03', '2025-09-16 10:18:30', '2025-09-16 10:18:30', 'sunny', NULL),
(619, 21, 17, '2025-10-04', '2025-09-16 10:18:30', '2025-09-16 10:18:30', 'snowy', 41),
(620, 21, 19, '2025-10-05', '2025-09-16 10:18:30', '2025-09-16 10:18:30', 'cloudy', 100),
(621, 21, 23, '2025-10-06', '2025-09-16 10:18:30', '2025-09-16 10:18:30', 'sunny', NULL),
(622, 21, 26, '2025-10-07', '2025-09-16 10:18:30', '2025-09-16 10:18:30', 'snowy', 7),
(623, 21, 28, '2025-10-08', '2025-09-16 10:18:30', '2025-09-16 10:18:30', 'cloudy', 57),
(624, 21, 26, '2025-10-09', '2025-09-16 10:18:30', '2025-09-16 10:18:30', 'sunny', NULL),
(625, 21, 24, '2025-10-10', '2025-09-16 10:18:30', '2025-09-16 10:18:30', 'rainy', 52),
(626, 21, 28, '2025-10-11', '2025-09-16 10:18:30', '2025-09-16 10:18:30', 'sunny', NULL),
(627, 21, 28, '2025-10-12', '2025-09-16 10:18:30', '2025-09-16 10:18:30', 'sunny', NULL),
(628, 21, 27, '2025-10-13', '2025-09-16 10:18:30', '2025-09-16 10:18:30', 'cloudy', 22),
(629, 21, 24, '2025-10-14', '2025-09-16 10:18:30', '2025-09-16 10:18:30', 'cloudy', 28),
(630, 21, 27, '2025-10-15', '2025-09-16 10:18:30', '2025-09-16 10:18:30', 'sunny', NULL),
(631, 22, 13, '2025-09-16', '2025-09-16 10:18:30', '2025-09-16 10:18:30', 'cloudy', 82),
(632, 22, 14, '2025-09-17', '2025-09-16 10:18:30', '2025-09-16 10:18:30', 'sunny', NULL),
(633, 22, 12, '2025-09-18', '2025-09-16 10:18:30', '2025-09-16 10:18:30', 'cloudy', 94),
(634, 22, 7, '2025-09-19', '2025-09-16 10:18:30', '2025-09-16 10:18:30', 'sunny', NULL),
(635, 22, 3, '2025-09-20', '2025-09-16 10:18:30', '2025-09-16 10:18:30', 'sunny', NULL),
(636, 22, 1, '2025-09-21', '2025-09-16 10:18:30', '2025-09-16 10:18:30', 'snowy', 4),
(637, 22, 3, '2025-09-22', '2025-09-16 10:18:30', '2025-09-16 10:18:30', 'snowy', 52),
(638, 22, -2, '2025-09-23', '2025-09-16 10:18:30', '2025-09-16 10:18:30', 'snowy', 25),
(639, 22, -5, '2025-09-24', '2025-09-16 10:18:30', '2025-09-16 10:18:30', 'rainy', 98),
(640, 22, -10, '2025-09-25', '2025-09-16 10:18:30', '2025-09-16 10:18:30', 'sunny', NULL),
(641, 22, -9, '2025-09-26', '2025-09-16 10:18:30', '2025-09-16 10:18:30', 'snowy', 76),
(642, 22, -14, '2025-09-27', '2025-09-16 10:18:30', '2025-09-16 10:18:30', 'rainy', 4),
(643, 22, -18, '2025-09-28', '2025-09-16 10:18:30', '2025-09-16 10:18:30', 'rainy', 13),
(644, 22, -16, '2025-09-29', '2025-09-16 10:18:30', '2025-09-16 10:18:30', 'rainy', 81),
(645, 22, -14, '2025-09-30', '2025-09-16 10:18:30', '2025-09-16 10:18:30', 'sunny', NULL),
(646, 22, -14, '2025-10-01', '2025-09-16 10:18:30', '2025-09-16 10:18:30', 'sunny', NULL),
(647, 22, -12, '2025-10-02', '2025-09-16 10:18:30', '2025-09-16 10:18:30', 'rainy', 62),
(648, 22, -8, '2025-10-03', '2025-09-16 10:18:30', '2025-09-16 10:18:30', 'rainy', 24),
(649, 22, -4, '2025-10-04', '2025-09-16 10:18:30', '2025-09-16 10:18:30', 'cloudy', 91),
(650, 22, -2, '2025-10-05', '2025-09-16 10:18:30', '2025-09-16 10:18:30', 'snowy', 98),
(651, 22, -3, '2025-10-06', '2025-09-16 10:18:30', '2025-09-16 10:18:30', 'snowy', 91),
(652, 22, 1, '2025-10-07', '2025-09-16 10:18:30', '2025-09-16 10:18:30', 'cloudy', 13),
(653, 22, 4, '2025-10-08', '2025-09-16 10:18:30', '2025-09-16 10:18:30', 'cloudy', 94),
(654, 22, 4, '2025-10-09', '2025-09-16 10:18:30', '2025-09-16 10:18:30', 'cloudy', 93),
(655, 22, 3, '2025-10-10', '2025-09-16 10:18:30', '2025-09-16 10:18:30', 'cloudy', 95),
(656, 22, 5, '2025-10-11', '2025-09-16 10:18:30', '2025-09-16 10:18:30', 'cloudy', 73),
(657, 22, 7, '2025-10-12', '2025-09-16 10:18:30', '2025-09-16 10:18:30', 'cloudy', 64),
(658, 22, 8, '2025-10-13', '2025-09-16 10:18:30', '2025-09-16 10:18:30', 'snowy', 27),
(659, 22, 6, '2025-10-14', '2025-09-16 10:18:30', '2025-09-16 10:18:30', 'cloudy', 6),
(660, 22, 8, '2025-10-15', '2025-09-16 10:18:30', '2025-09-16 10:18:30', 'snowy', 15),
(661, 23, 13, '2025-09-16', '2025-09-16 10:18:30', '2025-09-16 10:18:30', 'sunny', NULL),
(662, 23, 11, '2025-09-17', '2025-09-16 10:18:30', '2025-09-16 10:18:30', 'snowy', 10),
(663, 23, 16, '2025-09-18', '2025-09-16 10:18:30', '2025-09-16 10:18:30', 'sunny', NULL),
(664, 23, 21, '2025-09-19', '2025-09-16 10:18:30', '2025-09-16 10:18:30', 'sunny', NULL),
(665, 23, 17, '2025-09-20', '2025-09-16 10:18:30', '2025-09-16 10:18:30', 'sunny', NULL),
(666, 23, 15, '2025-09-21', '2025-09-16 10:18:30', '2025-09-16 10:18:30', 'rainy', 85),
(667, 23, 19, '2025-09-22', '2025-09-16 10:18:30', '2025-09-16 10:18:30', 'cloudy', 75),
(668, 23, 16, '2025-09-23', '2025-09-16 10:18:30', '2025-09-16 10:18:30', 'sunny', NULL),
(669, 23, 18, '2025-09-24', '2025-09-16 10:18:30', '2025-09-16 10:18:30', 'sunny', NULL),
(670, 23, 20, '2025-09-25', '2025-09-16 10:18:30', '2025-09-16 10:18:30', 'snowy', 36),
(671, 23, 17, '2025-09-26', '2025-09-16 10:18:30', '2025-09-16 10:18:30', 'snowy', 40),
(672, 23, 19, '2025-09-27', '2025-09-16 10:18:30', '2025-09-16 10:18:30', 'rainy', 22),
(673, 23, 19, '2025-09-28', '2025-09-16 10:18:30', '2025-09-16 10:18:30', 'rainy', 34),
(674, 23, 16, '2025-09-29', '2025-09-16 10:18:30', '2025-09-16 10:18:30', 'sunny', NULL),
(675, 23, 18, '2025-09-30', '2025-09-16 10:18:30', '2025-09-16 10:18:30', 'cloudy', 99),
(676, 23, 19, '2025-10-01', '2025-09-16 10:18:30', '2025-09-16 10:18:30', 'cloudy', 15),
(677, 23, 22, '2025-10-02', '2025-09-16 10:18:30', '2025-09-16 10:18:30', 'sunny', NULL),
(678, 23, 24, '2025-10-03', '2025-09-16 10:18:30', '2025-09-16 10:18:30', 'rainy', 67),
(679, 23, 24, '2025-10-04', '2025-09-16 10:18:30', '2025-09-16 10:18:30', 'cloudy', 45),
(680, 23, 21, '2025-10-05', '2025-09-16 10:18:30', '2025-09-16 10:18:30', 'cloudy', 2),
(681, 23, 17, '2025-10-06', '2025-09-16 10:18:30', '2025-09-16 10:18:30', 'rainy', 87),
(682, 23, 22, '2025-10-07', '2025-09-16 10:18:30', '2025-09-16 10:18:30', 'cloudy', 81),
(683, 23, 24, '2025-10-08', '2025-09-16 10:18:30', '2025-09-16 10:18:30', 'sunny', NULL),
(684, 23, 28, '2025-10-09', '2025-09-16 10:18:30', '2025-09-16 10:18:30', 'cloudy', 57),
(685, 23, 26, '2025-10-10', '2025-09-16 10:18:30', '2025-09-16 10:18:30', 'snowy', 8),
(686, 23, 30, '2025-10-11', '2025-09-16 10:18:30', '2025-09-16 10:18:30', 'snowy', 82),
(687, 23, 30, '2025-10-12', '2025-09-16 10:18:30', '2025-09-16 10:18:30', 'snowy', 49),
(688, 23, 25, '2025-10-13', '2025-09-16 10:18:30', '2025-09-16 10:18:30', 'sunny', NULL),
(689, 23, 26, '2025-10-14', '2025-09-16 10:18:30', '2025-09-16 10:18:30', 'snowy', 55),
(690, 23, 26, '2025-10-15', '2025-09-16 10:18:30', '2025-09-16 10:18:30', 'cloudy', 22),
(691, 24, 10, '2025-09-16', '2025-09-16 10:18:30', '2025-09-16 10:18:30', 'sunny', NULL),
(692, 24, 5, '2025-09-17', '2025-09-16 10:18:30', '2025-09-16 10:18:30', 'cloudy', 28),
(693, 24, 8, '2025-09-18', '2025-09-16 10:18:30', '2025-09-16 10:18:30', 'rainy', 96),
(694, 24, 7, '2025-09-19', '2025-09-16 10:18:30', '2025-09-16 10:18:30', 'rainy', 38),
(695, 24, 5, '2025-09-20', '2025-09-16 10:18:30', '2025-09-16 10:18:30', 'sunny', NULL),
(696, 24, 0, '2025-09-21', '2025-09-16 10:18:30', '2025-09-16 10:18:30', 'rainy', 74),
(697, 24, 0, '2025-09-22', '2025-09-16 10:18:30', '2025-09-16 10:18:30', 'rainy', 15),
(698, 24, -5, '2025-09-23', '2025-09-16 10:18:30', '2025-09-16 10:18:30', 'snowy', 55),
(699, 24, -7, '2025-09-24', '2025-09-16 10:18:30', '2025-09-16 10:18:30', 'rainy', 15),
(700, 24, -8, '2025-09-25', '2025-09-16 10:18:30', '2025-09-16 10:18:30', 'rainy', 21),
(701, 24, -6, '2025-09-26', '2025-09-16 10:18:30', '2025-09-16 10:18:30', 'cloudy', 7),
(702, 24, -10, '2025-09-27', '2025-09-16 10:18:30', '2025-09-16 10:18:30', 'snowy', 89),
(703, 24, -15, '2025-09-28', '2025-09-16 10:18:30', '2025-09-16 10:18:30', 'cloudy', 30),
(704, 24, -19, '2025-09-29', '2025-09-16 10:18:30', '2025-09-16 10:18:30', 'sunny', NULL),
(705, 24, -15, '2025-09-30', '2025-09-16 10:18:30', '2025-09-16 10:18:30', 'rainy', 61),
(706, 24, -11, '2025-10-01', '2025-09-16 10:18:30', '2025-09-16 10:18:30', 'rainy', 14),
(707, 24, -16, '2025-10-02', '2025-09-16 10:18:30', '2025-09-16 10:18:30', 'sunny', NULL),
(708, 24, -11, '2025-10-03', '2025-09-16 10:18:30', '2025-09-16 10:18:30', 'snowy', 60),
(709, 24, -16, '2025-10-04', '2025-09-16 10:18:30', '2025-09-16 10:18:30', 'snowy', 38),
(710, 24, -20, '2025-10-05', '2025-09-16 10:18:30', '2025-09-16 10:18:30', 'rainy', 82),
(711, 24, -25, '2025-10-06', '2025-09-16 10:18:30', '2025-09-16 10:18:30', 'snowy', 3),
(712, 24, -26, '2025-10-07', '2025-09-16 10:18:30', '2025-09-16 10:18:30', 'cloudy', 94),
(713, 24, -26, '2025-10-08', '2025-09-16 10:18:30', '2025-09-16 10:18:30', 'snowy', 6),
(714, 24, -28, '2025-10-09', '2025-09-16 10:18:30', '2025-09-16 10:18:30', 'rainy', 62),
(715, 24, -28, '2025-10-10', '2025-09-16 10:18:30', '2025-09-16 10:18:30', 'cloudy', 88),
(716, 24, -31, '2025-10-11', '2025-09-16 10:18:30', '2025-09-16 10:18:30', 'cloudy', 7),
(717, 24, -29, '2025-10-12', '2025-09-16 10:18:30', '2025-09-16 10:18:30', 'snowy', 39),
(718, 24, -30, '2025-10-13', '2025-09-16 10:18:31', '2025-09-16 10:18:31', 'cloudy', 7),
(719, 24, -34, '2025-10-14', '2025-09-16 10:18:31', '2025-09-16 10:18:31', 'snowy', 74),
(720, 24, -31, '2025-10-15', '2025-09-16 10:18:31', '2025-09-16 10:18:31', 'cloudy', 93),
(721, 25, -3, '2025-09-16', '2025-09-16 10:18:31', '2025-09-16 10:18:31', 'cloudy', 57),
(722, 25, -4, '2025-09-17', '2025-09-16 10:18:31', '2025-09-16 10:18:31', 'sunny', NULL),
(723, 25, -3, '2025-09-18', '2025-09-16 10:18:31', '2025-09-16 10:18:31', 'cloudy', 34),
(724, 25, -5, '2025-09-19', '2025-09-16 10:18:31', '2025-09-16 10:18:31', 'rainy', 19),
(725, 25, -2, '2025-09-20', '2025-09-16 10:18:31', '2025-09-16 10:18:31', 'cloudy', 39),
(726, 25, 1, '2025-09-21', '2025-09-16 10:18:31', '2025-09-16 10:18:31', 'snowy', 43),
(727, 25, 3, '2025-09-22', '2025-09-16 10:18:31', '2025-09-16 10:18:31', 'cloudy', 83),
(728, 25, 3, '2025-09-23', '2025-09-16 10:18:31', '2025-09-16 10:18:31', 'cloudy', 42),
(729, 25, 3, '2025-09-24', '2025-09-16 10:18:31', '2025-09-16 10:18:31', 'snowy', 75),
(730, 25, 1, '2025-09-25', '2025-09-16 10:18:31', '2025-09-16 10:18:31', 'snowy', 18),
(731, 25, 5, '2025-09-26', '2025-09-16 10:18:31', '2025-09-16 10:18:31', 'cloudy', 79),
(732, 25, 8, '2025-09-27', '2025-09-16 10:18:31', '2025-09-16 10:18:31', 'snowy', 46),
(733, 25, 9, '2025-09-28', '2025-09-16 10:18:31', '2025-09-16 10:18:31', 'snowy', 33),
(734, 25, 10, '2025-09-29', '2025-09-16 10:18:31', '2025-09-16 10:18:31', 'snowy', 64),
(735, 25, 6, '2025-09-30', '2025-09-16 10:18:31', '2025-09-16 10:18:31', 'cloudy', 45),
(736, 25, 10, '2025-10-01', '2025-09-16 10:18:31', '2025-09-16 10:18:31', 'rainy', 22),
(737, 25, 8, '2025-10-02', '2025-09-16 10:18:31', '2025-09-16 10:18:31', 'snowy', 72),
(738, 25, 4, '2025-10-03', '2025-09-16 10:18:31', '2025-09-16 10:18:31', 'sunny', NULL),
(739, 25, 5, '2025-10-04', '2025-09-16 10:18:31', '2025-09-16 10:18:31', 'rainy', 1),
(740, 25, 7, '2025-10-05', '2025-09-16 10:18:31', '2025-09-16 10:18:31', 'snowy', 80),
(741, 25, 11, '2025-10-06', '2025-09-16 10:18:31', '2025-09-16 10:18:31', 'rainy', 13),
(742, 25, 9, '2025-10-07', '2025-09-16 10:18:31', '2025-09-16 10:18:31', 'sunny', NULL),
(743, 25, 7, '2025-10-08', '2025-09-16 10:18:31', '2025-09-16 10:18:31', 'cloudy', 12),
(744, 25, 8, '2025-10-09', '2025-09-16 10:18:31', '2025-09-16 10:18:31', 'rainy', 33),
(745, 25, 7, '2025-10-10', '2025-09-16 10:18:31', '2025-09-16 10:18:31', 'rainy', 8),
(746, 25, 2, '2025-10-11', '2025-09-16 10:18:31', '2025-09-16 10:18:31', 'cloudy', 98),
(747, 25, 2, '2025-10-12', '2025-09-16 10:18:31', '2025-09-16 10:18:31', 'cloudy', 68),
(748, 25, 7, '2025-10-13', '2025-09-16 10:18:31', '2025-09-16 10:18:31', 'snowy', 45),
(749, 25, 3, '2025-10-14', '2025-09-16 10:18:31', '2025-09-16 10:18:31', 'sunny', NULL),
(750, 25, 2, '2025-10-15', '2025-09-16 10:18:31', '2025-09-16 10:18:31', 'cloudy', 42),
(751, 26, 11, '2025-09-16', '2025-09-16 10:18:31', '2025-09-16 10:18:31', 'sunny', NULL),
(752, 26, 7, '2025-09-17', '2025-09-16 10:18:31', '2025-09-16 10:18:31', 'cloudy', 56),
(753, 26, 3, '2025-09-18', '2025-09-16 10:18:31', '2025-09-16 10:18:31', 'cloudy', 31),
(754, 26, 8, '2025-09-19', '2025-09-16 10:18:31', '2025-09-16 10:18:31', 'sunny', NULL),
(755, 26, 11, '2025-09-20', '2025-09-16 10:18:31', '2025-09-16 10:18:31', 'cloudy', 46),
(756, 26, 7, '2025-09-21', '2025-09-16 10:18:31', '2025-09-16 10:18:31', 'snowy', 32),
(757, 26, 12, '2025-09-22', '2025-09-16 10:18:31', '2025-09-16 10:18:31', 'sunny', NULL),
(758, 26, 13, '2025-09-23', '2025-09-16 10:18:31', '2025-09-16 10:18:31', 'snowy', 46),
(759, 26, 8, '2025-09-24', '2025-09-16 10:18:31', '2025-09-16 10:18:31', 'sunny', NULL),
(760, 26, 4, '2025-09-25', '2025-09-16 10:18:31', '2025-09-16 10:18:31', 'rainy', 29),
(761, 26, 5, '2025-09-26', '2025-09-16 10:18:31', '2025-09-16 10:18:31', 'rainy', 81),
(762, 26, 7, '2025-09-27', '2025-09-16 10:18:31', '2025-09-16 10:18:31', 'snowy', 83),
(763, 26, 8, '2025-09-28', '2025-09-16 10:18:31', '2025-09-16 10:18:31', 'rainy', 97),
(764, 26, 10, '2025-09-29', '2025-09-16 10:18:31', '2025-09-16 10:18:31', 'snowy', 62),
(765, 26, 13, '2025-09-30', '2025-09-16 10:18:31', '2025-09-16 10:18:31', 'rainy', 21),
(766, 26, 18, '2025-10-01', '2025-09-16 10:18:31', '2025-09-16 10:18:31', 'rainy', 97),
(767, 26, 21, '2025-10-02', '2025-09-16 10:18:31', '2025-09-16 10:18:31', 'rainy', 11),
(768, 26, 26, '2025-10-03', '2025-09-16 10:18:31', '2025-09-16 10:18:31', 'sunny', NULL),
(769, 26, 25, '2025-10-04', '2025-09-16 10:18:31', '2025-09-16 10:18:31', 'cloudy', 98),
(770, 26, 28, '2025-10-05', '2025-09-16 10:18:31', '2025-09-16 10:18:31', 'snowy', 27),
(771, 26, 29, '2025-10-06', '2025-09-16 10:18:31', '2025-09-16 10:18:31', 'rainy', 7),
(772, 26, 26, '2025-10-07', '2025-09-16 10:18:31', '2025-09-16 10:18:31', 'cloudy', 27),
(773, 26, 27, '2025-10-08', '2025-09-16 10:18:31', '2025-09-16 10:18:31', 'rainy', 62),
(774, 26, 28, '2025-10-09', '2025-09-16 10:18:31', '2025-09-16 10:18:31', 'sunny', NULL),
(775, 26, 26, '2025-10-10', '2025-09-16 10:18:31', '2025-09-16 10:18:31', 'rainy', 3),
(776, 26, 22, '2025-10-11', '2025-09-16 10:18:31', '2025-09-16 10:18:31', 'snowy', 60),
(777, 26, 19, '2025-10-12', '2025-09-16 10:18:31', '2025-09-16 10:18:31', 'rainy', 3),
(778, 26, 23, '2025-10-13', '2025-09-16 10:18:31', '2025-09-16 10:18:31', 'sunny', NULL),
(779, 26, 28, '2025-10-14', '2025-09-16 10:18:31', '2025-09-16 10:18:31', 'cloudy', 25),
(780, 26, 30, '2025-10-15', '2025-09-16 10:18:31', '2025-09-16 10:18:31', 'cloudy', 18),
(781, 27, -12, '2025-09-16', '2025-09-16 10:18:31', '2025-09-16 10:18:31', 'snowy', 100),
(782, 27, -10, '2025-09-17', '2025-09-16 10:18:31', '2025-09-16 10:18:31', 'sunny', NULL),
(783, 27, -10, '2025-09-18', '2025-09-16 10:18:31', '2025-09-16 10:18:31', 'cloudy', 100),
(784, 27, -10, '2025-09-19', '2025-09-16 10:18:31', '2025-09-16 10:18:31', 'rainy', 64),
(785, 27, -6, '2025-09-20', '2025-09-16 10:18:31', '2025-09-16 10:18:31', 'sunny', NULL),
(786, 27, -11, '2025-09-21', '2025-09-16 10:18:31', '2025-09-16 10:18:31', 'rainy', 56),
(787, 27, -12, '2025-09-22', '2025-09-16 10:18:31', '2025-09-16 10:18:31', 'cloudy', 12),
(788, 27, -7, '2025-09-23', '2025-09-16 10:18:31', '2025-09-16 10:18:31', 'sunny', NULL),
(789, 27, -12, '2025-09-24', '2025-09-16 10:18:31', '2025-09-16 10:18:31', 'sunny', NULL),
(790, 27, -10, '2025-09-25', '2025-09-16 10:18:31', '2025-09-16 10:18:31', 'sunny', NULL),
(791, 27, -6, '2025-09-26', '2025-09-16 10:18:31', '2025-09-16 10:18:31', 'cloudy', 89),
(792, 27, -9, '2025-09-27', '2025-09-16 10:18:31', '2025-09-16 10:18:31', 'snowy', 89),
(793, 27, -14, '2025-09-28', '2025-09-16 10:18:31', '2025-09-16 10:18:31', 'rainy', 14),
(794, 27, -16, '2025-09-29', '2025-09-16 10:18:31', '2025-09-16 10:18:31', 'snowy', 99),
(795, 27, -13, '2025-09-30', '2025-09-16 10:18:31', '2025-09-16 10:18:31', 'sunny', NULL),
(796, 27, -13, '2025-10-01', '2025-09-16 10:18:31', '2025-09-16 10:18:31', 'cloudy', 48),
(797, 27, -10, '2025-10-02', '2025-09-16 10:18:31', '2025-09-16 10:18:31', 'snowy', 49),
(798, 27, -5, '2025-10-03', '2025-09-16 10:18:31', '2025-09-16 10:18:31', 'snowy', 11),
(799, 27, -5, '2025-10-04', '2025-09-16 10:18:31', '2025-09-16 10:18:31', 'snowy', 30),
(800, 27, -5, '2025-10-05', '2025-09-16 10:18:31', '2025-09-16 10:18:31', 'cloudy', 27),
(801, 27, -10, '2025-10-06', '2025-09-16 10:18:31', '2025-09-16 10:18:31', 'rainy', 22),
(802, 27, -15, '2025-10-07', '2025-09-16 10:18:31', '2025-09-16 10:18:31', 'snowy', 73),
(803, 27, -14, '2025-10-08', '2025-09-16 10:18:31', '2025-09-16 10:18:31', 'sunny', NULL),
(804, 27, -12, '2025-10-09', '2025-09-16 10:18:31', '2025-09-16 10:18:31', 'rainy', 62),
(805, 27, -10, '2025-10-10', '2025-09-16 10:18:31', '2025-09-16 10:18:31', 'snowy', 56),
(806, 27, -14, '2025-10-11', '2025-09-16 10:18:31', '2025-09-16 10:18:31', 'snowy', 3),
(807, 27, -9, '2025-10-12', '2025-09-16 10:18:31', '2025-09-16 10:18:31', 'rainy', 79),
(808, 27, -4, '2025-10-13', '2025-09-16 10:18:31', '2025-09-16 10:18:31', 'rainy', 4),
(809, 27, -3, '2025-10-14', '2025-09-16 10:18:31', '2025-09-16 10:18:31', 'snowy', 60),
(810, 27, -5, '2025-10-15', '2025-09-16 10:18:31', '2025-09-16 10:18:31', 'snowy', 90),
(811, 28, -49, '2025-09-16', '2025-09-16 10:18:31', '2025-09-16 10:18:31', 'cloudy', 96),
(812, 28, -49, '2025-09-17', '2025-09-16 10:18:31', '2025-09-16 10:18:31', 'snowy', 98),
(813, 28, -49, '2025-09-18', '2025-09-16 10:18:31', '2025-09-16 10:18:31', 'snowy', 40),
(814, 28, -46, '2025-09-19', '2025-09-16 10:18:31', '2025-09-16 10:18:31', 'snowy', 37),
(815, 28, -51, '2025-09-20', '2025-09-16 10:18:31', '2025-09-16 10:18:31', 'sunny', NULL),
(816, 28, -56, '2025-09-21', '2025-09-16 10:18:31', '2025-09-16 10:18:31', 'snowy', 65),
(817, 28, -60, '2025-09-22', '2025-09-16 10:18:31', '2025-09-16 10:18:31', 'sunny', NULL),
(818, 28, -61, '2025-09-23', '2025-09-16 10:18:31', '2025-09-16 10:18:31', 'cloudy', 87),
(819, 28, -61, '2025-09-24', '2025-09-16 10:18:31', '2025-09-16 10:18:31', 'snowy', 29),
(820, 28, -62, '2025-09-25', '2025-09-16 10:18:31', '2025-09-16 10:18:31', 'sunny', NULL),
(821, 28, -57, '2025-09-26', '2025-09-16 10:18:31', '2025-09-16 10:18:31', 'cloudy', 11),
(822, 28, -52, '2025-09-27', '2025-09-16 10:18:31', '2025-09-16 10:18:31', 'sunny', NULL),
(823, 28, -50, '2025-09-28', '2025-09-16 10:18:31', '2025-09-16 10:18:31', 'sunny', NULL),
(824, 28, -50, '2025-09-29', '2025-09-16 10:18:31', '2025-09-16 10:18:31', 'cloudy', 85),
(825, 28, -52, '2025-09-30', '2025-09-16 10:18:31', '2025-09-16 10:18:31', 'sunny', NULL),
(826, 28, -53, '2025-10-01', '2025-09-16 10:18:31', '2025-09-16 10:18:31', 'rainy', 12),
(827, 28, -53, '2025-10-02', '2025-09-16 10:18:31', '2025-09-16 10:18:31', 'sunny', NULL),
(828, 28, -52, '2025-10-03', '2025-09-16 10:18:31', '2025-09-16 10:18:31', 'sunny', NULL),
(829, 28, -47, '2025-10-04', '2025-09-16 10:18:31', '2025-09-16 10:18:31', 'rainy', 20),
(830, 28, -52, '2025-10-05', '2025-09-16 10:18:31', '2025-09-16 10:18:31', 'cloudy', 32),
(831, 28, -52, '2025-10-06', '2025-09-16 10:18:31', '2025-09-16 10:18:31', 'rainy', 83),
(832, 28, -56, '2025-10-07', '2025-09-16 10:18:31', '2025-09-16 10:18:31', 'cloudy', 82),
(833, 28, -60, '2025-10-08', '2025-09-16 10:18:31', '2025-09-16 10:18:31', 'sunny', NULL),
(834, 28, -57, '2025-10-09', '2025-09-16 10:18:31', '2025-09-16 10:18:31', 'snowy', 67),
(835, 28, -54, '2025-10-10', '2025-09-16 10:18:31', '2025-09-16 10:18:31', 'rainy', 35),
(836, 28, -55, '2025-10-11', '2025-09-16 10:18:31', '2025-09-16 10:18:31', 'cloudy', 72),
(837, 28, -60, '2025-10-12', '2025-09-16 10:18:31', '2025-09-16 10:18:31', 'sunny', NULL),
(838, 28, -60, '2025-10-13', '2025-09-16 10:18:31', '2025-09-16 10:18:31', 'cloudy', 36),
(839, 28, -63, '2025-10-14', '2025-09-16 10:18:31', '2025-09-16 10:18:31', 'snowy', 30),
(840, 28, -63, '2025-10-15', '2025-09-16 10:18:31', '2025-09-16 10:18:31', 'rainy', 41),
(841, 29, 48, '2025-09-16', '2025-09-16 10:18:31', '2025-09-16 10:18:31', 'rainy', 96),
(842, 29, 47, '2025-09-17', '2025-09-16 10:18:31', '2025-09-16 10:18:31', 'sunny', NULL),
(843, 29, 43, '2025-09-18', '2025-09-16 10:18:31', '2025-09-16 10:18:31', 'rainy', 34),
(844, 29, 45, '2025-09-19', '2025-09-16 10:18:31', '2025-09-16 10:18:31', 'sunny', NULL),
(845, 29, 43, '2025-09-20', '2025-09-16 10:18:31', '2025-09-16 10:18:31', 'cloudy', 3),
(846, 29, 43, '2025-09-21', '2025-09-16 10:18:31', '2025-09-16 10:18:31', 'snowy', 39),
(847, 29, 46, '2025-09-22', '2025-09-16 10:18:31', '2025-09-16 10:18:31', 'rainy', 13),
(848, 29, 45, '2025-09-23', '2025-09-16 10:18:31', '2025-09-16 10:18:31', 'rainy', 40),
(849, 29, 50, '2025-09-24', '2025-09-16 10:18:31', '2025-09-16 10:18:31', 'sunny', NULL),
(850, 29, 53, '2025-09-25', '2025-09-16 10:18:31', '2025-09-16 10:18:31', 'sunny', NULL),
(851, 29, 57, '2025-09-26', '2025-09-16 10:18:31', '2025-09-16 10:18:31', 'snowy', 50),
(852, 29, 59, '2025-09-27', '2025-09-16 10:18:31', '2025-09-16 10:18:31', 'snowy', 18),
(853, 29, 56, '2025-09-28', '2025-09-16 10:18:31', '2025-09-16 10:18:31', 'cloudy', 85),
(854, 29, 54, '2025-09-29', '2025-09-16 10:18:31', '2025-09-16 10:18:31', 'snowy', 41),
(855, 29, 58, '2025-09-30', '2025-09-16 10:18:31', '2025-09-16 10:18:31', 'sunny', NULL),
(856, 29, 61, '2025-10-01', '2025-09-16 10:18:31', '2025-09-16 10:18:31', 'rainy', 79),
(857, 29, 59, '2025-10-02', '2025-09-16 10:18:31', '2025-09-16 10:18:31', 'cloudy', 1),
(858, 29, 63, '2025-10-03', '2025-09-16 10:18:31', '2025-09-16 10:18:31', 'snowy', 62),
(859, 29, 62, '2025-10-04', '2025-09-16 10:18:31', '2025-09-16 10:18:31', 'rainy', 18),
(860, 29, 57, '2025-10-05', '2025-09-16 10:18:31', '2025-09-16 10:18:31', 'cloudy', 66),
(861, 29, 61, '2025-10-06', '2025-09-16 10:18:31', '2025-09-16 10:18:31', 'rainy', 37),
(862, 29, 63, '2025-10-07', '2025-09-16 10:18:31', '2025-09-16 10:18:31', 'snowy', 1),
(863, 29, 61, '2025-10-08', '2025-09-16 10:18:31', '2025-09-16 10:18:31', 'sunny', NULL),
(864, 29, 59, '2025-10-09', '2025-09-16 10:18:31', '2025-09-16 10:18:31', 'snowy', 80),
(865, 29, 57, '2025-10-10', '2025-09-16 10:18:31', '2025-09-16 10:18:31', 'rainy', 30),
(866, 29, 53, '2025-10-11', '2025-09-16 10:18:31', '2025-09-16 10:18:31', 'rainy', 63),
(867, 29, 51, '2025-10-12', '2025-09-16 10:18:31', '2025-09-16 10:18:31', 'rainy', 94),
(868, 29, 54, '2025-10-13', '2025-09-16 10:18:31', '2025-09-16 10:18:31', 'rainy', 27),
(869, 29, 54, '2025-10-14', '2025-09-16 10:18:31', '2025-09-16 10:18:31', 'snowy', 13),
(870, 29, 55, '2025-10-15', '2025-09-16 10:18:31', '2025-09-16 10:18:31', 'rainy', 53),
(871, 30, -23, '2025-09-16', '2025-09-16 10:18:31', '2025-09-16 10:18:31', 'snowy', 43),
(872, 30, -23, '2025-09-17', '2025-09-16 10:18:31', '2025-09-16 10:18:31', 'cloudy', 19),
(873, 30, -26, '2025-09-18', '2025-09-16 10:18:31', '2025-09-16 10:18:31', 'cloudy', 78),
(874, 30, -27, '2025-09-19', '2025-09-16 10:18:31', '2025-09-16 10:18:31', 'rainy', 81),
(875, 30, -26, '2025-09-20', '2025-09-16 10:18:31', '2025-09-16 10:18:31', 'sunny', NULL),
(876, 30, -23, '2025-09-21', '2025-09-16 10:18:31', '2025-09-16 10:18:31', 'snowy', 7),
(877, 30, -26, '2025-09-22', '2025-09-16 10:18:31', '2025-09-16 10:18:31', 'cloudy', 65),
(878, 30, -25, '2025-09-23', '2025-09-16 10:18:31', '2025-09-16 10:18:31', 'sunny', NULL),
(879, 30, -26, '2025-09-24', '2025-09-16 10:18:31', '2025-09-16 10:18:31', 'sunny', NULL),
(880, 30, -23, '2025-09-25', '2025-09-16 10:18:31', '2025-09-16 10:18:31', 'snowy', 43),
(881, 30, -21, '2025-09-26', '2025-09-16 10:18:31', '2025-09-16 10:18:31', 'snowy', 90),
(882, 30, -22, '2025-09-27', '2025-09-16 10:18:31', '2025-09-16 10:18:31', 'sunny', NULL),
(883, 30, -24, '2025-09-28', '2025-09-16 10:18:31', '2025-09-16 10:18:31', 'rainy', 47),
(884, 30, -23, '2025-09-29', '2025-09-16 10:18:31', '2025-09-16 10:18:31', 'sunny', NULL),
(885, 30, -28, '2025-09-30', '2025-09-16 10:18:31', '2025-09-16 10:18:31', 'sunny', NULL),
(886, 30, -28, '2025-10-01', '2025-09-16 10:18:31', '2025-09-16 10:18:31', 'sunny', NULL),
(887, 30, -33, '2025-10-02', '2025-09-16 10:18:31', '2025-09-16 10:18:31', 'cloudy', 13),
(888, 30, -33, '2025-10-03', '2025-09-16 10:18:31', '2025-09-16 10:18:31', 'sunny', NULL),
(889, 30, -37, '2025-10-04', '2025-09-16 10:18:31', '2025-09-16 10:18:31', 'snowy', 11),
(890, 30, -32, '2025-10-05', '2025-09-16 10:18:31', '2025-09-16 10:18:31', 'rainy', 36),
(891, 30, -29, '2025-10-06', '2025-09-16 10:18:31', '2025-09-16 10:18:31', 'snowy', 2),
(892, 30, -25, '2025-10-07', '2025-09-16 10:18:31', '2025-09-16 10:18:31', 'rainy', 13),
(893, 30, -21, '2025-10-08', '2025-09-16 10:18:31', '2025-09-16 10:18:31', 'snowy', 2),
(894, 30, -19, '2025-10-09', '2025-09-16 10:18:31', '2025-09-16 10:18:31', 'cloudy', 21),
(895, 30, -18, '2025-10-10', '2025-09-16 10:18:31', '2025-09-16 10:18:31', 'snowy', 77),
(896, 30, -17, '2025-10-11', '2025-09-16 10:18:31', '2025-09-16 10:18:31', 'sunny', NULL),
(897, 30, -15, '2025-10-12', '2025-09-16 10:18:31', '2025-09-16 10:18:31', 'snowy', 79),
(898, 30, -13, '2025-10-13', '2025-09-16 10:18:31', '2025-09-16 10:18:31', 'sunny', NULL),
(899, 30, -9, '2025-10-14', '2025-09-16 10:18:31', '2025-09-16 10:18:31', 'sunny', NULL),
(900, 30, -7, '2025-10-15', '2025-09-16 10:18:31', '2025-09-16 10:18:31', 'snowy', 68),
(901, 31, 18, '2025-09-16', '2025-09-16 10:18:31', '2025-09-16 10:18:31', 'sunny', NULL),
(902, 31, 19, '2025-09-17', '2025-09-16 10:18:31', '2025-09-16 10:18:31', 'cloudy', 22),
(903, 31, 18, '2025-09-18', '2025-09-16 10:18:31', '2025-09-16 10:18:31', 'cloudy', 73),
(904, 31, 18, '2025-09-19', '2025-09-16 10:18:31', '2025-09-16 10:18:31', 'cloudy', 31),
(905, 31, 14, '2025-09-20', '2025-09-16 10:18:31', '2025-09-16 10:18:31', 'snowy', 97),
(906, 31, 19, '2025-09-21', '2025-09-16 10:18:31', '2025-09-16 10:18:31', 'snowy', 36),
(907, 31, 20, '2025-09-22', '2025-09-16 10:18:31', '2025-09-16 10:18:31', 'cloudy', 30),
(908, 31, 19, '2025-09-23', '2025-09-16 10:18:31', '2025-09-16 10:18:31', 'cloudy', 15),
(909, 31, 21, '2025-09-24', '2025-09-16 10:18:31', '2025-09-16 10:18:31', 'sunny', NULL),
(910, 31, 19, '2025-09-25', '2025-09-16 10:18:31', '2025-09-16 10:18:31', 'rainy', 57),
(911, 31, 17, '2025-09-26', '2025-09-16 10:18:31', '2025-09-16 10:18:31', 'rainy', 76),
(912, 31, 19, '2025-09-27', '2025-09-16 10:18:31', '2025-09-16 10:18:31', 'rainy', 30),
(913, 31, 14, '2025-09-28', '2025-09-16 10:18:31', '2025-09-16 10:18:31', 'rainy', 99),
(914, 31, 9, '2025-09-29', '2025-09-16 10:18:31', '2025-09-16 10:18:31', 'sunny', NULL),
(915, 31, 6, '2025-09-30', '2025-09-16 10:18:31', '2025-09-16 10:18:31', 'sunny', NULL),
(916, 31, 5, '2025-10-01', '2025-09-16 10:18:31', '2025-09-16 10:18:31', 'rainy', 58),
(917, 31, 3, '2025-10-02', '2025-09-16 10:18:31', '2025-09-16 10:18:31', 'rainy', 50),
(918, 31, 0, '2025-10-03', '2025-09-16 10:18:31', '2025-09-16 10:18:31', 'snowy', 2),
(919, 31, -4, '2025-10-04', '2025-09-16 10:18:31', '2025-09-16 10:18:31', 'sunny', NULL),
(920, 31, -3, '2025-10-05', '2025-09-16 10:18:31', '2025-09-16 10:18:31', 'sunny', NULL),
(921, 31, -5, '2025-10-06', '2025-09-16 10:18:31', '2025-09-16 10:18:31', 'snowy', 100),
(922, 31, -3, '2025-10-07', '2025-09-16 10:18:31', '2025-09-16 10:18:31', 'sunny', NULL),
(923, 31, 1, '2025-10-08', '2025-09-16 10:18:31', '2025-09-16 10:18:31', 'rainy', 11),
(924, 31, 4, '2025-10-09', '2025-09-16 10:18:31', '2025-09-16 10:18:31', 'cloudy', 62),
(925, 31, 4, '2025-10-10', '2025-09-16 10:18:31', '2025-09-16 10:18:31', 'snowy', 28),
(926, 31, 9, '2025-10-11', '2025-09-16 10:18:31', '2025-09-16 10:18:31', 'rainy', 19),
(927, 31, 5, '2025-10-12', '2025-09-16 10:18:31', '2025-09-16 10:18:31', 'rainy', 68),
(928, 31, 2, '2025-10-13', '2025-09-16 10:18:31', '2025-09-16 10:18:31', 'rainy', 20),
(929, 31, 5, '2025-10-14', '2025-09-16 10:18:31', '2025-09-16 10:18:31', 'snowy', 100),
(930, 31, 8, '2025-10-15', '2025-09-16 10:18:31', '2025-09-16 10:18:31', 'sunny', NULL),
(931, 32, 50, '2025-09-16', '2025-09-16 10:18:31', '2025-09-16 10:18:31', 'rainy', 84),
(932, 32, 53, '2025-09-17', '2025-09-16 10:18:31', '2025-09-16 10:18:31', 'snowy', 91),
(933, 32, 57, '2025-09-18', '2025-09-16 10:18:31', '2025-09-16 10:18:31', 'rainy', 78),
(934, 32, 55, '2025-09-19', '2025-09-16 10:18:31', '2025-09-16 10:18:31', 'cloudy', 86),
(935, 32, 60, '2025-09-20', '2025-09-16 10:18:31', '2025-09-16 10:18:31', 'sunny', NULL),
(936, 32, 59, '2025-09-21', '2025-09-16 10:18:31', '2025-09-16 10:18:31', 'snowy', 79),
(937, 32, 64, '2025-09-22', '2025-09-16 10:18:31', '2025-09-16 10:18:31', 'snowy', 33),
(938, 32, 63, '2025-09-23', '2025-09-16 10:18:31', '2025-09-16 10:18:31', 'cloudy', 24),
(939, 32, 61, '2025-09-24', '2025-09-16 10:18:31', '2025-09-16 10:18:31', 'rainy', 79),
(940, 32, 56, '2025-09-25', '2025-09-16 10:18:31', '2025-09-16 10:18:31', 'sunny', NULL),
(941, 32, 61, '2025-09-26', '2025-09-16 10:18:31', '2025-09-16 10:18:31', 'snowy', 9),
(942, 32, 62, '2025-09-27', '2025-09-16 10:18:31', '2025-09-16 10:18:31', 'snowy', 67),
(943, 32, 60, '2025-09-28', '2025-09-16 10:18:31', '2025-09-16 10:18:31', 'snowy', 39),
(944, 32, 61, '2025-09-29', '2025-09-16 10:18:31', '2025-09-16 10:18:31', 'rainy', 94),
(945, 32, 64, '2025-09-30', '2025-09-16 10:18:31', '2025-09-16 10:18:31', 'cloudy', 62),
(946, 32, 61, '2025-10-01', '2025-09-16 10:18:31', '2025-09-16 10:18:31', 'sunny', NULL),
(947, 32, 62, '2025-10-02', '2025-09-16 10:18:31', '2025-09-16 10:18:31', 'snowy', 9),
(948, 32, 61, '2025-10-03', '2025-09-16 10:18:31', '2025-09-16 10:18:31', 'cloudy', 34),
(949, 32, 65, '2025-10-04', '2025-09-16 10:18:31', '2025-09-16 10:18:31', 'sunny', NULL),
(950, 32, 62, '2025-10-05', '2025-09-16 10:18:31', '2025-09-16 10:18:31', 'snowy', 1),
(951, 32, 66, '2025-10-06', '2025-09-16 10:18:31', '2025-09-16 10:18:31', 'rainy', 65),
(952, 32, 62, '2025-10-07', '2025-09-16 10:18:31', '2025-09-16 10:18:31', 'sunny', NULL),
(953, 32, 65, '2025-10-08', '2025-09-16 10:18:31', '2025-09-16 10:18:31', 'snowy', 93),
(954, 32, 61, '2025-10-09', '2025-09-16 10:18:31', '2025-09-16 10:18:31', 'rainy', 54),
(955, 32, 56, '2025-10-10', '2025-09-16 10:18:31', '2025-09-16 10:18:31', 'snowy', 16),
(956, 32, 61, '2025-10-11', '2025-09-16 10:18:31', '2025-09-16 10:18:31', 'rainy', 40),
(957, 32, 59, '2025-10-12', '2025-09-16 10:18:31', '2025-09-16 10:18:31', 'sunny', NULL),
(958, 32, 58, '2025-10-13', '2025-09-16 10:18:31', '2025-09-16 10:18:31', 'sunny', NULL),
(959, 32, 57, '2025-10-14', '2025-09-16 10:18:31', '2025-09-16 10:18:31', 'sunny', NULL),
(960, 32, 58, '2025-10-15', '2025-09-16 10:18:31', '2025-09-16 10:18:31', 'rainy', 69),
(961, 33, 41, '2025-09-16', '2025-09-16 10:18:31', '2025-09-16 10:18:31', 'sunny', NULL),
(962, 33, 43, '2025-09-17', '2025-09-16 10:18:31', '2025-09-16 10:18:31', 'rainy', 6),
(963, 33, 46, '2025-09-18', '2025-09-16 10:18:31', '2025-09-16 10:18:31', 'rainy', 76),
(964, 33, 45, '2025-09-19', '2025-09-16 10:18:31', '2025-09-16 10:18:31', 'snowy', 22),
(965, 33, 42, '2025-09-20', '2025-09-16 10:18:31', '2025-09-16 10:18:31', 'rainy', 17),
(966, 33, 37, '2025-09-21', '2025-09-16 10:18:31', '2025-09-16 10:18:31', 'sunny', NULL),
(967, 33, 38, '2025-09-22', '2025-09-16 10:18:32', '2025-09-16 10:18:32', 'snowy', 56),
(968, 33, 43, '2025-09-23', '2025-09-16 10:18:32', '2025-09-16 10:18:32', 'cloudy', 28),
(969, 33, 46, '2025-09-24', '2025-09-16 10:18:32', '2025-09-16 10:18:32', 'snowy', 5),
(970, 33, 45, '2025-09-25', '2025-09-16 10:18:32', '2025-09-16 10:18:32', 'cloudy', 60),
(971, 33, 42, '2025-09-26', '2025-09-16 10:18:32', '2025-09-16 10:18:32', 'cloudy', 68),
(972, 33, 43, '2025-09-27', '2025-09-16 10:18:32', '2025-09-16 10:18:32', 'cloudy', 5),
(973, 33, 44, '2025-09-28', '2025-09-16 10:18:32', '2025-09-16 10:18:32', 'snowy', 82),
(974, 33, 47, '2025-09-29', '2025-09-16 10:18:32', '2025-09-16 10:18:32', 'sunny', NULL),
(975, 33, 42, '2025-09-30', '2025-09-16 10:18:32', '2025-09-16 10:18:32', 'rainy', 76),
(976, 33, 39, '2025-10-01', '2025-09-16 10:18:32', '2025-09-16 10:18:32', 'rainy', 33),
(977, 33, 34, '2025-10-02', '2025-09-16 10:18:32', '2025-09-16 10:18:32', 'cloudy', 29),
(978, 33, 35, '2025-10-03', '2025-09-16 10:18:32', '2025-09-16 10:18:32', 'snowy', 86),
(979, 33, 31, '2025-10-04', '2025-09-16 10:18:32', '2025-09-16 10:18:32', 'sunny', NULL),
(980, 33, 29, '2025-10-05', '2025-09-16 10:18:32', '2025-09-16 10:18:32', 'rainy', 41),
(981, 33, 25, '2025-10-06', '2025-09-16 10:18:32', '2025-09-16 10:18:32', 'sunny', NULL),
(982, 33, 21, '2025-10-07', '2025-09-16 10:18:32', '2025-09-16 10:18:32', 'cloudy', 91),
(983, 33, 22, '2025-10-08', '2025-09-16 10:18:32', '2025-09-16 10:18:32', 'sunny', NULL),
(984, 33, 27, '2025-10-09', '2025-09-16 10:18:32', '2025-09-16 10:18:32', 'sunny', NULL),
(985, 33, 23, '2025-10-10', '2025-09-16 10:18:32', '2025-09-16 10:18:32', 'sunny', NULL),
(986, 33, 18, '2025-10-11', '2025-09-16 10:18:32', '2025-09-16 10:18:32', 'sunny', NULL),
(987, 33, 19, '2025-10-12', '2025-09-16 10:18:32', '2025-09-16 10:18:32', 'sunny', NULL),
(988, 33, 22, '2025-10-13', '2025-09-16 10:18:32', '2025-09-16 10:18:32', 'cloudy', 38),
(989, 33, 18, '2025-10-14', '2025-09-16 10:18:32', '2025-09-16 10:18:32', 'rainy', 47),
(990, 33, 13, '2025-10-15', '2025-09-16 10:18:32', '2025-09-16 10:18:32', 'cloudy', 36),
(991, 34, 30, '2025-09-16', '2025-09-16 10:18:32', '2025-09-16 10:18:32', 'rainy', 72),
(992, 34, 27, '2025-09-17', '2025-09-16 10:18:32', '2025-09-16 10:18:32', 'cloudy', 55),
(993, 34, 27, '2025-09-18', '2025-09-16 10:18:32', '2025-09-16 10:18:32', 'cloudy', 11),
(994, 34, 26, '2025-09-19', '2025-09-16 10:18:32', '2025-09-16 10:18:32', 'rainy', 75),
(995, 34, 24, '2025-09-20', '2025-09-16 10:18:32', '2025-09-16 10:18:32', 'cloudy', 79),
(996, 34, 22, '2025-09-21', '2025-09-16 10:18:32', '2025-09-16 10:18:32', 'sunny', NULL),
(997, 34, 21, '2025-09-22', '2025-09-16 10:18:32', '2025-09-16 10:18:32', 'cloudy', 43),
(998, 34, 24, '2025-09-23', '2025-09-16 10:18:32', '2025-09-16 10:18:32', 'cloudy', 13),
(999, 34, 21, '2025-09-24', '2025-09-16 10:18:32', '2025-09-16 10:18:32', 'rainy', 13),
(1000, 34, 19, '2025-09-25', '2025-09-16 10:18:32', '2025-09-16 10:18:32', 'snowy', 3),
(1001, 34, 20, '2025-09-26', '2025-09-16 10:18:32', '2025-09-16 10:18:32', 'sunny', NULL),
(1002, 34, 20, '2025-09-27', '2025-09-16 10:18:32', '2025-09-16 10:18:32', 'snowy', 51),
(1003, 34, 15, '2025-09-28', '2025-09-16 10:18:32', '2025-09-16 10:18:32', 'snowy', 43),
(1004, 34, 13, '2025-09-29', '2025-09-16 10:18:32', '2025-09-16 10:18:32', 'snowy', 83),
(1005, 34, 8, '2025-09-30', '2025-09-16 10:18:32', '2025-09-16 10:18:32', 'sunny', NULL),
(1006, 34, 5, '2025-10-01', '2025-09-16 10:18:32', '2025-09-16 10:18:32', 'rainy', 54),
(1007, 34, 0, '2025-10-02', '2025-09-16 10:18:32', '2025-09-16 10:18:32', 'cloudy', 14),
(1008, 34, -3, '2025-10-03', '2025-09-16 10:18:32', '2025-09-16 10:18:32', 'rainy', 70),
(1009, 34, 1, '2025-10-04', '2025-09-16 10:18:32', '2025-09-16 10:18:32', 'snowy', 32),
(1010, 34, -4, '2025-10-05', '2025-09-16 10:18:32', '2025-09-16 10:18:32', 'rainy', 79),
(1011, 34, -7, '2025-10-06', '2025-09-16 10:18:32', '2025-09-16 10:18:32', 'sunny', NULL),
(1012, 34, -9, '2025-10-07', '2025-09-16 10:18:32', '2025-09-16 10:18:32', 'sunny', NULL),
(1013, 34, -10, '2025-10-08', '2025-09-16 10:18:32', '2025-09-16 10:18:32', 'sunny', NULL),
(1014, 34, -14, '2025-10-09', '2025-09-16 10:18:32', '2025-09-16 10:18:32', 'cloudy', 43),
(1015, 34, -19, '2025-10-10', '2025-09-16 10:18:32', '2025-09-16 10:18:32', 'snowy', 34),
(1016, 34, -19, '2025-10-11', '2025-09-16 10:18:32', '2025-09-16 10:18:32', 'rainy', 73),
(1017, 34, -15, '2025-10-12', '2025-09-16 10:18:32', '2025-09-16 10:18:32', 'sunny', NULL),
(1018, 34, -12, '2025-10-13', '2025-09-16 10:18:32', '2025-09-16 10:18:32', 'rainy', 90),
(1019, 34, -15, '2025-10-14', '2025-09-16 10:18:32', '2025-09-16 10:18:32', 'rainy', 88),
(1020, 34, -18, '2025-10-15', '2025-09-16 10:18:32', '2025-09-16 10:18:32', 'sunny', NULL),
(1021, 35, 29, '2025-09-16', '2025-09-16 10:18:32', '2025-09-16 10:18:32', 'rainy', 79),
(1022, 35, 33, '2025-09-17', '2025-09-16 10:18:32', '2025-09-16 10:18:32', 'cloudy', 14),
(1023, 35, 32, '2025-09-18', '2025-09-16 10:18:32', '2025-09-16 10:18:32', 'rainy', 35),
(1024, 35, 29, '2025-09-19', '2025-09-16 10:18:32', '2025-09-16 10:18:32', 'rainy', 17),
(1025, 35, 26, '2025-09-20', '2025-09-16 10:18:32', '2025-09-16 10:18:32', 'sunny', NULL),
(1026, 35, 22, '2025-09-21', '2025-09-16 10:18:32', '2025-09-16 10:18:32', 'rainy', 79),
(1027, 35, 20, '2025-09-22', '2025-09-16 10:18:32', '2025-09-16 10:18:32', 'rainy', 30),
(1028, 35, 16, '2025-09-23', '2025-09-16 10:18:32', '2025-09-16 10:18:32', 'snowy', 8),
(1029, 35, 13, '2025-09-24', '2025-09-16 10:18:32', '2025-09-16 10:18:32', 'snowy', 57),
(1030, 35, 15, '2025-09-25', '2025-09-16 10:18:32', '2025-09-16 10:18:32', 'sunny', NULL),
(1031, 35, 10, '2025-09-26', '2025-09-16 10:18:32', '2025-09-16 10:18:32', 'snowy', 1),
(1032, 35, 6, '2025-09-27', '2025-09-16 10:18:32', '2025-09-16 10:18:32', 'snowy', 16),
(1033, 35, 7, '2025-09-28', '2025-09-16 10:18:32', '2025-09-16 10:18:32', 'cloudy', 66),
(1034, 35, 12, '2025-09-29', '2025-09-16 10:18:32', '2025-09-16 10:18:32', 'cloudy', 7),
(1035, 35, 7, '2025-09-30', '2025-09-16 10:18:32', '2025-09-16 10:18:32', 'rainy', 1),
(1036, 35, 4, '2025-10-01', '2025-09-16 10:18:32', '2025-09-16 10:18:32', 'sunny', NULL),
(1037, 35, 8, '2025-10-02', '2025-09-16 10:18:32', '2025-09-16 10:18:32', 'snowy', 94),
(1038, 35, 9, '2025-10-03', '2025-09-16 10:18:32', '2025-09-16 10:18:32', 'sunny', NULL),
(1039, 35, 14, '2025-10-04', '2025-09-16 10:18:32', '2025-09-16 10:18:32', 'sunny', NULL),
(1040, 35, 16, '2025-10-05', '2025-09-16 10:18:32', '2025-09-16 10:18:32', 'snowy', 66),
(1041, 35, 13, '2025-10-06', '2025-09-16 10:18:32', '2025-09-16 10:18:32', 'rainy', 72),
(1042, 35, 18, '2025-10-07', '2025-09-16 10:18:32', '2025-09-16 10:18:32', 'sunny', NULL),
(1043, 35, 13, '2025-10-08', '2025-09-16 10:18:32', '2025-09-16 10:18:32', 'cloudy', 91),
(1044, 35, 12, '2025-10-09', '2025-09-16 10:18:32', '2025-09-16 10:18:32', 'sunny', NULL),
(1045, 35, 15, '2025-10-10', '2025-09-16 10:18:32', '2025-09-16 10:18:32', 'snowy', 24),
(1046, 35, 20, '2025-10-11', '2025-09-16 10:18:32', '2025-09-16 10:18:32', 'sunny', NULL),
(1047, 35, 20, '2025-10-12', '2025-09-16 10:18:32', '2025-09-16 10:18:32', 'cloudy', 19),
(1048, 35, 20, '2025-10-13', '2025-09-16 10:18:32', '2025-09-16 10:18:32', 'sunny', NULL),
(1049, 35, 22, '2025-10-14', '2025-09-16 10:18:32', '2025-09-16 10:18:32', 'rainy', 78),
(1050, 35, 23, '2025-10-15', '2025-09-16 10:18:32', '2025-09-16 10:18:32', 'snowy', 44),
(1051, 36, 0, '2025-09-16', '2025-09-16 10:18:32', '2025-09-16 10:18:32', 'rainy', 55),
(1052, 36, 1, '2025-09-17', '2025-09-16 10:18:32', '2025-09-16 10:18:32', 'rainy', 78),
(1053, 36, -2, '2025-09-18', '2025-09-16 10:18:32', '2025-09-16 10:18:32', 'snowy', 2),
(1054, 36, -4, '2025-09-19', '2025-09-16 10:18:32', '2025-09-16 10:18:32', 'cloudy', 14),
(1055, 36, -6, '2025-09-20', '2025-09-16 10:18:32', '2025-09-16 10:18:32', 'snowy', 47),
(1056, 36, -3, '2025-09-21', '2025-09-16 10:18:32', '2025-09-16 10:18:32', 'cloudy', 23),
(1057, 36, 0, '2025-09-22', '2025-09-16 10:18:32', '2025-09-16 10:18:32', 'rainy', 58),
(1058, 36, -3, '2025-09-23', '2025-09-16 10:18:32', '2025-09-16 10:18:32', 'snowy', 12),
(1059, 36, 0, '2025-09-24', '2025-09-16 10:18:32', '2025-09-16 10:18:32', 'cloudy', 24),
(1060, 36, 2, '2025-09-25', '2025-09-16 10:18:32', '2025-09-16 10:18:32', 'rainy', 49),
(1061, 36, 7, '2025-09-26', '2025-09-16 10:18:32', '2025-09-16 10:18:32', 'rainy', 78),
(1062, 36, 5, '2025-09-27', '2025-09-16 10:18:32', '2025-09-16 10:18:32', 'sunny', NULL),
(1063, 36, 9, '2025-09-28', '2025-09-16 10:18:32', '2025-09-16 10:18:32', 'rainy', 70),
(1064, 36, 10, '2025-09-29', '2025-09-16 10:18:32', '2025-09-16 10:18:32', 'sunny', NULL),
(1065, 36, 12, '2025-09-30', '2025-09-16 10:18:32', '2025-09-16 10:18:32', 'snowy', 9),
(1066, 36, 16, '2025-10-01', '2025-09-16 10:18:32', '2025-09-16 10:18:32', 'sunny', NULL),
(1067, 36, 13, '2025-10-02', '2025-09-16 10:18:32', '2025-09-16 10:18:32', 'rainy', 29),
(1068, 36, 8, '2025-10-03', '2025-09-16 10:18:32', '2025-09-16 10:18:32', 'cloudy', 36),
(1069, 36, 10, '2025-10-04', '2025-09-16 10:18:32', '2025-09-16 10:18:32', 'cloudy', 69),
(1070, 36, 13, '2025-10-05', '2025-09-16 10:18:32', '2025-09-16 10:18:32', 'cloudy', 55),
(1071, 36, 18, '2025-10-06', '2025-09-16 10:18:32', '2025-09-16 10:18:32', 'snowy', 41),
(1072, 36, 21, '2025-10-07', '2025-09-16 10:18:32', '2025-09-16 10:18:32', 'rainy', 84),
(1073, 36, 25, '2025-10-08', '2025-09-16 10:18:32', '2025-09-16 10:18:32', 'cloudy', 6),
(1074, 36, 30, '2025-10-09', '2025-09-16 10:18:32', '2025-09-16 10:18:32', 'cloudy', 47),
(1075, 36, 25, '2025-10-10', '2025-09-16 10:18:32', '2025-09-16 10:18:32', 'snowy', 83),
(1076, 36, 26, '2025-10-11', '2025-09-16 10:18:32', '2025-09-16 10:18:32', 'sunny', NULL),
(1077, 36, 23, '2025-10-12', '2025-09-16 10:18:32', '2025-09-16 10:18:32', 'rainy', 6),
(1078, 36, 25, '2025-10-13', '2025-09-16 10:18:32', '2025-09-16 10:18:32', 'rainy', 7),
(1079, 36, 25, '2025-10-14', '2025-09-16 10:18:32', '2025-09-16 10:18:32', 'rainy', 37),
(1080, 36, 30, '2025-10-15', '2025-09-16 10:18:32', '2025-09-16 10:18:32', 'sunny', NULL),
(1081, 37, 38, '2025-09-16', '2025-09-16 10:18:32', '2025-09-16 10:18:32', 'rainy', 45),
(1082, 37, 39, '2025-09-17', '2025-09-16 10:18:32', '2025-09-16 10:18:32', 'rainy', 73),
(1083, 37, 43, '2025-09-18', '2025-09-16 10:18:32', '2025-09-16 10:18:32', 'snowy', 29),
(1084, 37, 38, '2025-09-19', '2025-09-16 10:18:32', '2025-09-16 10:18:32', 'snowy', 38),
(1085, 37, 41, '2025-09-20', '2025-09-16 10:18:32', '2025-09-16 10:18:32', 'cloudy', 70),
(1086, 37, 41, '2025-09-21', '2025-09-16 10:18:32', '2025-09-16 10:18:32', 'snowy', 57),
(1087, 37, 38, '2025-09-22', '2025-09-16 10:18:32', '2025-09-16 10:18:32', 'cloudy', 28),
(1088, 37, 40, '2025-09-23', '2025-09-16 10:18:32', '2025-09-16 10:18:32', 'sunny', NULL),
(1089, 37, 41, '2025-09-24', '2025-09-16 10:18:32', '2025-09-16 10:18:32', 'snowy', 70),
(1090, 37, 39, '2025-09-25', '2025-09-16 10:18:32', '2025-09-16 10:18:32', 'rainy', 8),
(1091, 37, 36, '2025-09-26', '2025-09-16 10:18:32', '2025-09-16 10:18:32', 'sunny', NULL),
(1092, 37, 32, '2025-09-27', '2025-09-16 10:18:32', '2025-09-16 10:18:32', 'sunny', NULL),
(1093, 37, 29, '2025-09-28', '2025-09-16 10:18:32', '2025-09-16 10:18:32', 'snowy', 62),
(1094, 37, 31, '2025-09-29', '2025-09-16 10:18:32', '2025-09-16 10:18:32', 'snowy', 87),
(1095, 37, 34, '2025-09-30', '2025-09-16 10:18:32', '2025-09-16 10:18:32', 'cloudy', 100),
(1096, 37, 33, '2025-10-01', '2025-09-16 10:18:32', '2025-09-16 10:18:32', 'snowy', 16),
(1097, 37, 35, '2025-10-02', '2025-09-16 10:18:32', '2025-09-16 10:18:32', 'snowy', 28),
(1098, 37, 32, '2025-10-03', '2025-09-16 10:18:32', '2025-09-16 10:18:32', 'sunny', NULL),
(1099, 37, 30, '2025-10-04', '2025-09-16 10:18:32', '2025-09-16 10:18:32', 'snowy', 81),
(1100, 37, 35, '2025-10-05', '2025-09-16 10:18:32', '2025-09-16 10:18:32', 'cloudy', 47),
(1101, 37, 35, '2025-10-06', '2025-09-16 10:18:32', '2025-09-16 10:18:32', 'snowy', 76),
(1102, 37, 38, '2025-10-07', '2025-09-16 10:18:32', '2025-09-16 10:18:32', 'cloudy', 83),
(1103, 37, 43, '2025-10-08', '2025-09-16 10:18:32', '2025-09-16 10:18:32', 'snowy', 59),
(1104, 37, 48, '2025-10-09', '2025-09-16 10:18:32', '2025-09-16 10:18:32', 'sunny', NULL),
(1105, 37, 44, '2025-10-10', '2025-09-16 10:18:32', '2025-09-16 10:18:32', 'sunny', NULL),
(1106, 37, 41, '2025-10-11', '2025-09-16 10:18:32', '2025-09-16 10:18:32', 'snowy', 40),
(1107, 37, 37, '2025-10-12', '2025-09-16 10:18:32', '2025-09-16 10:18:32', 'cloudy', 66),
(1108, 37, 40, '2025-10-13', '2025-09-16 10:18:32', '2025-09-16 10:18:32', 'cloudy', 82),
(1109, 37, 39, '2025-10-14', '2025-09-16 10:18:32', '2025-09-16 10:18:32', 'cloudy', 75),
(1110, 37, 40, '2025-10-15', '2025-09-16 10:18:32', '2025-09-16 10:18:32', 'rainy', 65),
(1111, 38, -31, '2025-09-16', '2025-09-16 10:18:32', '2025-09-16 10:18:32', 'snowy', 83),
(1112, 38, -31, '2025-09-17', '2025-09-16 10:18:32', '2025-09-16 10:18:32', 'snowy', 46),
(1113, 38, -31, '2025-09-18', '2025-09-16 10:18:32', '2025-09-16 10:18:32', 'sunny', NULL),
(1114, 38, -35, '2025-09-19', '2025-09-16 10:18:32', '2025-09-16 10:18:32', 'rainy', 56),
(1115, 38, -35, '2025-09-20', '2025-09-16 10:18:32', '2025-09-16 10:18:32', 'sunny', NULL),
(1116, 38, -34, '2025-09-21', '2025-09-16 10:18:32', '2025-09-16 10:18:32', 'rainy', 57),
(1117, 38, -30, '2025-09-22', '2025-09-16 10:18:32', '2025-09-16 10:18:32', 'sunny', NULL),
(1118, 38, -29, '2025-09-23', '2025-09-16 10:18:32', '2025-09-16 10:18:32', 'cloudy', 87),
(1119, 38, -28, '2025-09-24', '2025-09-16 10:18:32', '2025-09-16 10:18:32', 'cloudy', 100),
(1120, 38, -23, '2025-09-25', '2025-09-16 10:18:32', '2025-09-16 10:18:32', 'cloudy', 78),
(1121, 38, -27, '2025-09-26', '2025-09-16 10:18:32', '2025-09-16 10:18:32', 'rainy', 17),
(1122, 38, -26, '2025-09-27', '2025-09-16 10:18:32', '2025-09-16 10:18:32', 'sunny', NULL),
(1123, 38, -31, '2025-09-28', '2025-09-16 10:18:32', '2025-09-16 10:18:32', 'snowy', 96),
(1124, 38, -36, '2025-09-29', '2025-09-16 10:18:32', '2025-09-16 10:18:32', 'snowy', 93),
(1125, 38, -39, '2025-09-30', '2025-09-16 10:18:32', '2025-09-16 10:18:32', 'cloudy', 15),
(1126, 38, -35, '2025-10-01', '2025-09-16 10:18:32', '2025-09-16 10:18:32', 'snowy', 6),
(1127, 38, -39, '2025-10-02', '2025-09-16 10:18:32', '2025-09-16 10:18:32', 'sunny', NULL),
(1128, 38, -44, '2025-10-03', '2025-09-16 10:18:32', '2025-09-16 10:18:32', 'cloudy', 17),
(1129, 38, -43, '2025-10-04', '2025-09-16 10:18:32', '2025-09-16 10:18:32', 'cloudy', 47),
(1130, 38, -44, '2025-10-05', '2025-09-16 10:18:32', '2025-09-16 10:18:32', 'rainy', 18),
(1131, 38, -46, '2025-10-06', '2025-09-16 10:18:32', '2025-09-16 10:18:32', 'sunny', NULL),
(1132, 38, -47, '2025-10-07', '2025-09-16 10:18:32', '2025-09-16 10:18:32', 'rainy', 73),
(1133, 38, -49, '2025-10-08', '2025-09-16 10:18:32', '2025-09-16 10:18:32', 'sunny', NULL),
(1134, 38, -49, '2025-10-09', '2025-09-16 10:18:32', '2025-09-16 10:18:32', 'snowy', 89),
(1135, 38, -50, '2025-10-10', '2025-09-16 10:18:32', '2025-09-16 10:18:32', 'cloudy', 70),
(1136, 38, -51, '2025-10-11', '2025-09-16 10:18:32', '2025-09-16 10:18:32', 'snowy', 37),
(1137, 38, -49, '2025-10-12', '2025-09-16 10:18:32', '2025-09-16 10:18:32', 'rainy', 39),
(1138, 38, -54, '2025-10-13', '2025-09-16 10:18:32', '2025-09-16 10:18:32', 'rainy', 37),
(1139, 38, -58, '2025-10-14', '2025-09-16 10:18:32', '2025-09-16 10:18:32', 'rainy', 54),
(1140, 38, -60, '2025-10-15', '2025-09-16 10:18:32', '2025-09-16 10:18:32', 'cloudy', 18),
(1141, 39, -33, '2025-09-16', '2025-09-16 10:18:32', '2025-09-16 10:18:32', 'cloudy', 77),
(1142, 39, -28, '2025-09-17', '2025-09-16 10:18:32', '2025-09-16 10:18:32', 'sunny', NULL),
(1143, 39, -27, '2025-09-18', '2025-09-16 10:18:32', '2025-09-16 10:18:32', 'snowy', 35),
(1144, 39, -22, '2025-09-19', '2025-09-16 10:18:32', '2025-09-16 10:18:32', 'cloudy', 57),
(1145, 39, -24, '2025-09-20', '2025-09-16 10:18:32', '2025-09-16 10:18:32', 'snowy', 12),
(1146, 39, -25, '2025-09-21', '2025-09-16 10:18:32', '2025-09-16 10:18:32', 'sunny', NULL),
(1147, 39, -21, '2025-09-22', '2025-09-16 10:18:32', '2025-09-16 10:18:32', 'snowy', 71),
(1148, 39, -20, '2025-09-23', '2025-09-16 10:18:32', '2025-09-16 10:18:32', 'sunny', NULL),
(1149, 39, -15, '2025-09-24', '2025-09-16 10:18:32', '2025-09-16 10:18:32', 'rainy', 94),
(1150, 39, -10, '2025-09-25', '2025-09-16 10:18:32', '2025-09-16 10:18:32', 'cloudy', 86);
INSERT INTO `forecasts` (`id`, `city_id`, `temperature`, `date`, `created_at`, `updated_at`, `weather_type`, `probabbility`) VALUES
(1151, 39, -15, '2025-09-26', '2025-09-16 10:18:32', '2025-09-16 10:18:32', 'sunny', NULL),
(1152, 39, -16, '2025-09-27', '2025-09-16 10:18:32', '2025-09-16 10:18:32', 'rainy', 5),
(1153, 39, -21, '2025-09-28', '2025-09-16 10:18:32', '2025-09-16 10:18:32', 'rainy', 12),
(1154, 39, -17, '2025-09-29', '2025-09-16 10:18:32', '2025-09-16 10:18:32', 'rainy', 16),
(1155, 39, -16, '2025-09-30', '2025-09-16 10:18:32', '2025-09-16 10:18:32', 'snowy', 40),
(1156, 39, -11, '2025-10-01', '2025-09-16 10:18:32', '2025-09-16 10:18:32', 'sunny', NULL),
(1157, 39, -15, '2025-10-02', '2025-09-16 10:18:32', '2025-09-16 10:18:32', 'rainy', 92),
(1158, 39, -13, '2025-10-03', '2025-09-16 10:18:32', '2025-09-16 10:18:32', 'snowy', 56),
(1159, 39, -18, '2025-10-04', '2025-09-16 10:18:32', '2025-09-16 10:18:32', 'rainy', 8),
(1160, 39, -17, '2025-10-05', '2025-09-16 10:18:32', '2025-09-16 10:18:32', 'snowy', 26),
(1161, 39, -17, '2025-10-06', '2025-09-16 10:18:32', '2025-09-16 10:18:32', 'cloudy', 29),
(1162, 39, -20, '2025-10-07', '2025-09-16 10:18:32', '2025-09-16 10:18:32', 'snowy', 89),
(1163, 39, -24, '2025-10-08', '2025-09-16 10:18:32', '2025-09-16 10:18:32', 'rainy', 50),
(1164, 39, -28, '2025-10-09', '2025-09-16 10:18:32', '2025-09-16 10:18:32', 'snowy', 9),
(1165, 39, -25, '2025-10-10', '2025-09-16 10:18:32', '2025-09-16 10:18:32', 'rainy', 93),
(1166, 39, -29, '2025-10-11', '2025-09-16 10:18:32', '2025-09-16 10:18:32', 'sunny', NULL),
(1167, 39, -31, '2025-10-12', '2025-09-16 10:18:32', '2025-09-16 10:18:32', 'rainy', 93),
(1168, 39, -32, '2025-10-13', '2025-09-16 10:18:32', '2025-09-16 10:18:32', 'snowy', 83),
(1169, 39, -32, '2025-10-14', '2025-09-16 10:18:32', '2025-09-16 10:18:32', 'sunny', NULL),
(1170, 39, -31, '2025-10-15', '2025-09-16 10:18:32', '2025-09-16 10:18:32', 'sunny', NULL),
(1171, 40, 19, '2025-09-16', '2025-09-16 10:18:32', '2025-09-16 10:18:32', 'sunny', NULL),
(1172, 40, 19, '2025-09-17', '2025-09-16 10:18:32', '2025-09-16 10:18:32', 'cloudy', 74),
(1173, 40, 19, '2025-09-18', '2025-09-16 10:18:32', '2025-09-16 10:18:32', 'snowy', 84),
(1174, 40, 22, '2025-09-19', '2025-09-16 10:18:32', '2025-09-16 10:18:32', 'snowy', 79),
(1175, 40, 18, '2025-09-20', '2025-09-16 10:18:32', '2025-09-16 10:18:32', 'snowy', 74),
(1176, 40, 17, '2025-09-21', '2025-09-16 10:18:32', '2025-09-16 10:18:32', 'snowy', 49),
(1177, 40, 17, '2025-09-22', '2025-09-16 10:18:32', '2025-09-16 10:18:32', 'sunny', NULL),
(1178, 40, 14, '2025-09-23', '2025-09-16 10:18:32', '2025-09-16 10:18:32', 'rainy', 7),
(1179, 40, 9, '2025-09-24', '2025-09-16 10:18:32', '2025-09-16 10:18:32', 'rainy', 84),
(1180, 40, 10, '2025-09-25', '2025-09-16 10:18:32', '2025-09-16 10:18:32', 'cloudy', 56),
(1181, 40, 9, '2025-09-26', '2025-09-16 10:18:32', '2025-09-16 10:18:32', 'sunny', NULL),
(1182, 40, 4, '2025-09-27', '2025-09-16 10:18:32', '2025-09-16 10:18:32', 'cloudy', 42),
(1183, 40, 9, '2025-09-28', '2025-09-16 10:18:32', '2025-09-16 10:18:32', 'cloudy', 88),
(1184, 40, 7, '2025-09-29', '2025-09-16 10:18:32', '2025-09-16 10:18:32', 'cloudy', 84),
(1185, 40, 12, '2025-09-30', '2025-09-16 10:18:32', '2025-09-16 10:18:32', 'snowy', 10),
(1186, 40, 17, '2025-10-01', '2025-09-16 10:18:32', '2025-09-16 10:18:32', 'cloudy', 44),
(1187, 40, 18, '2025-10-02', '2025-09-16 10:18:32', '2025-09-16 10:18:32', 'rainy', 89),
(1188, 40, 22, '2025-10-03', '2025-09-16 10:18:32', '2025-09-16 10:18:32', 'sunny', NULL),
(1189, 40, 19, '2025-10-04', '2025-09-16 10:18:32', '2025-09-16 10:18:32', 'cloudy', 7),
(1190, 40, 16, '2025-10-05', '2025-09-16 10:18:32', '2025-09-16 10:18:32', 'cloudy', 4),
(1191, 40, 19, '2025-10-06', '2025-09-16 10:18:32', '2025-09-16 10:18:32', 'rainy', 97),
(1192, 40, 15, '2025-10-07', '2025-09-16 10:18:32', '2025-09-16 10:18:32', 'sunny', NULL),
(1193, 40, 11, '2025-10-08', '2025-09-16 10:18:32', '2025-09-16 10:18:32', 'rainy', 6),
(1194, 40, 13, '2025-10-09', '2025-09-16 10:18:32', '2025-09-16 10:18:32', 'rainy', 100),
(1195, 40, 9, '2025-10-10', '2025-09-16 10:18:32', '2025-09-16 10:18:32', 'rainy', 78),
(1196, 40, 8, '2025-10-11', '2025-09-16 10:18:32', '2025-09-16 10:18:32', 'cloudy', 88),
(1197, 40, 8, '2025-10-12', '2025-09-16 10:18:32', '2025-09-16 10:18:32', 'cloudy', 49),
(1198, 40, 3, '2025-10-13', '2025-09-16 10:18:32', '2025-09-16 10:18:32', 'rainy', 20),
(1199, 40, -1, '2025-10-14', '2025-09-16 10:18:32', '2025-09-16 10:18:32', 'rainy', 65),
(1200, 40, 2, '2025-10-15', '2025-09-16 10:18:32', '2025-09-16 10:18:32', 'cloudy', 86),
(1201, 41, -38, '2025-09-16', '2025-09-16 10:18:32', '2025-09-16 10:18:32', 'cloudy', 1),
(1202, 41, -43, '2025-09-17', '2025-09-16 10:18:32', '2025-09-16 10:18:32', 'snowy', 15),
(1203, 41, -48, '2025-09-18', '2025-09-16 10:18:32', '2025-09-16 10:18:32', 'cloudy', 34),
(1204, 41, -45, '2025-09-19', '2025-09-16 10:18:32', '2025-09-16 10:18:32', 'sunny', NULL),
(1205, 41, -47, '2025-09-20', '2025-09-16 10:18:32', '2025-09-16 10:18:32', 'rainy', 44),
(1206, 41, -47, '2025-09-21', '2025-09-16 10:18:32', '2025-09-16 10:18:32', 'snowy', 38),
(1207, 41, -47, '2025-09-22', '2025-09-16 10:18:32', '2025-09-16 10:18:32', 'snowy', 49),
(1208, 41, -44, '2025-09-23', '2025-09-16 10:18:32', '2025-09-16 10:18:32', 'snowy', 4),
(1209, 41, -47, '2025-09-24', '2025-09-16 10:18:32', '2025-09-16 10:18:32', 'snowy', 94),
(1210, 41, -52, '2025-09-25', '2025-09-16 10:18:32', '2025-09-16 10:18:32', 'sunny', NULL),
(1211, 41, -49, '2025-09-26', '2025-09-16 10:18:32', '2025-09-16 10:18:32', 'snowy', 56),
(1212, 41, -54, '2025-09-27', '2025-09-16 10:18:32', '2025-09-16 10:18:32', 'snowy', 3),
(1213, 41, -57, '2025-09-28', '2025-09-16 10:18:32', '2025-09-16 10:18:32', 'rainy', 63),
(1214, 41, -62, '2025-09-29', '2025-09-16 10:18:32', '2025-09-16 10:18:32', 'rainy', 87),
(1215, 41, -60, '2025-09-30', '2025-09-16 10:18:32', '2025-09-16 10:18:32', 'rainy', 90),
(1216, 41, -57, '2025-10-01', '2025-09-16 10:18:32', '2025-09-16 10:18:32', 'snowy', 21),
(1217, 41, -53, '2025-10-02', '2025-09-16 10:18:32', '2025-09-16 10:18:32', 'cloudy', 81),
(1218, 41, -58, '2025-10-03', '2025-09-16 10:18:32', '2025-09-16 10:18:32', 'snowy', 14),
(1219, 41, -55, '2025-10-04', '2025-09-16 10:18:32', '2025-09-16 10:18:32', 'sunny', NULL),
(1220, 41, -54, '2025-10-05', '2025-09-16 10:18:32', '2025-09-16 10:18:32', 'snowy', 53),
(1221, 41, -55, '2025-10-06', '2025-09-16 10:18:32', '2025-09-16 10:18:32', 'sunny', NULL),
(1222, 41, -58, '2025-10-07', '2025-09-16 10:18:32', '2025-09-16 10:18:32', 'rainy', 63),
(1223, 41, -58, '2025-10-08', '2025-09-16 10:18:32', '2025-09-16 10:18:32', 'cloudy', 25),
(1224, 41, -58, '2025-10-09', '2025-09-16 10:18:32', '2025-09-16 10:18:32', 'rainy', 100),
(1225, 41, -54, '2025-10-10', '2025-09-16 10:18:32', '2025-09-16 10:18:32', 'sunny', NULL),
(1226, 41, -59, '2025-10-11', '2025-09-16 10:18:33', '2025-09-16 10:18:33', 'rainy', 22),
(1227, 41, -56, '2025-10-12', '2025-09-16 10:18:33', '2025-09-16 10:18:33', 'cloudy', 56),
(1228, 41, -53, '2025-10-13', '2025-09-16 10:18:33', '2025-09-16 10:18:33', 'sunny', NULL),
(1229, 41, -55, '2025-10-14', '2025-09-16 10:18:33', '2025-09-16 10:18:33', 'snowy', 61),
(1230, 41, -57, '2025-10-15', '2025-09-16 10:18:33', '2025-09-16 10:18:33', 'sunny', NULL),
(1231, 42, 13, '2025-09-16', '2025-09-16 10:18:33', '2025-09-16 10:18:33', 'cloudy', 59),
(1232, 42, 9, '2025-09-17', '2025-09-16 10:18:33', '2025-09-16 10:18:33', 'cloudy', 36),
(1233, 42, 7, '2025-09-18', '2025-09-16 10:18:33', '2025-09-16 10:18:33', 'cloudy', 85),
(1234, 42, 10, '2025-09-19', '2025-09-16 10:18:33', '2025-09-16 10:18:33', 'sunny', NULL),
(1235, 42, 11, '2025-09-20', '2025-09-16 10:18:33', '2025-09-16 10:18:33', 'sunny', NULL),
(1236, 42, 6, '2025-09-21', '2025-09-16 10:18:33', '2025-09-16 10:18:33', 'sunny', NULL),
(1237, 42, 7, '2025-09-22', '2025-09-16 10:18:33', '2025-09-16 10:18:33', 'rainy', 93),
(1238, 42, 5, '2025-09-23', '2025-09-16 10:18:33', '2025-09-16 10:18:33', 'sunny', NULL),
(1239, 42, 3, '2025-09-24', '2025-09-16 10:18:33', '2025-09-16 10:18:33', 'rainy', 42),
(1240, 42, 7, '2025-09-25', '2025-09-16 10:18:33', '2025-09-16 10:18:33', 'snowy', 85),
(1241, 42, 6, '2025-09-26', '2025-09-16 10:18:33', '2025-09-16 10:18:33', 'rainy', 60),
(1242, 42, 4, '2025-09-27', '2025-09-16 10:18:33', '2025-09-16 10:18:33', 'cloudy', 4),
(1243, 42, 1, '2025-09-28', '2025-09-16 10:18:33', '2025-09-16 10:18:33', 'cloudy', 43),
(1244, 42, 6, '2025-09-29', '2025-09-16 10:18:33', '2025-09-16 10:18:33', 'sunny', NULL),
(1245, 42, 6, '2025-09-30', '2025-09-16 10:18:33', '2025-09-16 10:18:33', 'sunny', NULL),
(1246, 42, 9, '2025-10-01', '2025-09-16 10:18:33', '2025-09-16 10:18:33', 'snowy', 71),
(1247, 42, 6, '2025-10-02', '2025-09-16 10:18:33', '2025-09-16 10:18:33', 'rainy', 83),
(1248, 42, 1, '2025-10-03', '2025-09-16 10:18:33', '2025-09-16 10:18:33', 'rainy', 86),
(1249, 42, 1, '2025-10-04', '2025-09-16 10:18:33', '2025-09-16 10:18:33', 'snowy', 29),
(1250, 42, -2, '2025-10-05', '2025-09-16 10:18:33', '2025-09-16 10:18:33', 'rainy', 59),
(1251, 42, -5, '2025-10-06', '2025-09-16 10:18:33', '2025-09-16 10:18:33', 'rainy', 96),
(1252, 42, -6, '2025-10-07', '2025-09-16 10:18:33', '2025-09-16 10:18:33', 'snowy', 88),
(1253, 42, -5, '2025-10-08', '2025-09-16 10:18:33', '2025-09-16 10:18:33', 'snowy', 73),
(1254, 42, -8, '2025-10-09', '2025-09-16 10:18:33', '2025-09-16 10:18:33', 'rainy', 65),
(1255, 42, -4, '2025-10-10', '2025-09-16 10:18:33', '2025-09-16 10:18:33', 'rainy', 9),
(1256, 42, -8, '2025-10-11', '2025-09-16 10:18:33', '2025-09-16 10:18:33', 'rainy', 73),
(1257, 42, -4, '2025-10-12', '2025-09-16 10:18:33', '2025-09-16 10:18:33', 'rainy', 41),
(1258, 42, -1, '2025-10-13', '2025-09-16 10:18:33', '2025-09-16 10:18:33', 'snowy', 65),
(1259, 42, 3, '2025-10-14', '2025-09-16 10:18:33', '2025-09-16 10:18:33', 'snowy', 100),
(1260, 42, -1, '2025-10-15', '2025-09-16 10:18:33', '2025-09-16 10:18:33', 'cloudy', 84),
(1261, 43, 34, '2025-09-16', '2025-09-16 10:18:33', '2025-09-16 10:18:33', 'sunny', NULL),
(1262, 43, 34, '2025-09-17', '2025-09-16 10:18:33', '2025-09-16 10:18:33', 'sunny', NULL),
(1263, 43, 31, '2025-09-18', '2025-09-16 10:18:33', '2025-09-16 10:18:33', 'snowy', 33),
(1264, 43, 26, '2025-09-19', '2025-09-16 10:18:33', '2025-09-16 10:18:33', 'rainy', 36),
(1265, 43, 30, '2025-09-20', '2025-09-16 10:18:33', '2025-09-16 10:18:33', 'sunny', NULL),
(1266, 43, 29, '2025-09-21', '2025-09-16 10:18:33', '2025-09-16 10:18:33', 'sunny', NULL),
(1267, 43, 25, '2025-09-22', '2025-09-16 10:18:33', '2025-09-16 10:18:33', 'snowy', 42),
(1268, 43, 24, '2025-09-23', '2025-09-16 10:18:33', '2025-09-16 10:18:33', 'rainy', 83),
(1269, 43, 28, '2025-09-24', '2025-09-16 10:18:33', '2025-09-16 10:18:33', 'rainy', 27),
(1270, 43, 31, '2025-09-25', '2025-09-16 10:18:33', '2025-09-16 10:18:33', 'cloudy', 89),
(1271, 43, 35, '2025-09-26', '2025-09-16 10:18:33', '2025-09-16 10:18:33', 'cloudy', 80),
(1272, 43, 40, '2025-09-27', '2025-09-16 10:18:33', '2025-09-16 10:18:33', 'cloudy', 13),
(1273, 43, 43, '2025-09-28', '2025-09-16 10:18:33', '2025-09-16 10:18:33', 'cloudy', 63),
(1274, 43, 48, '2025-09-29', '2025-09-16 10:18:33', '2025-09-16 10:18:33', 'cloudy', 32),
(1275, 43, 48, '2025-09-30', '2025-09-16 10:18:33', '2025-09-16 10:18:33', 'sunny', NULL),
(1276, 43, 46, '2025-10-01', '2025-09-16 10:18:33', '2025-09-16 10:18:33', 'snowy', 5),
(1277, 43, 47, '2025-10-02', '2025-09-16 10:18:33', '2025-09-16 10:18:33', 'snowy', 41),
(1278, 43, 49, '2025-10-03', '2025-09-16 10:18:33', '2025-09-16 10:18:33', 'sunny', NULL),
(1279, 43, 52, '2025-10-04', '2025-09-16 10:18:33', '2025-09-16 10:18:33', 'sunny', NULL),
(1280, 43, 56, '2025-10-05', '2025-09-16 10:18:33', '2025-09-16 10:18:33', 'cloudy', 48),
(1281, 43, 61, '2025-10-06', '2025-09-16 10:18:33', '2025-09-16 10:18:33', 'sunny', NULL),
(1282, 43, 64, '2025-10-07', '2025-09-16 10:18:33', '2025-09-16 10:18:33', 'sunny', NULL),
(1283, 43, 64, '2025-10-08', '2025-09-16 10:18:33', '2025-09-16 10:18:33', 'rainy', 58),
(1284, 43, 63, '2025-10-09', '2025-09-16 10:18:33', '2025-09-16 10:18:33', 'sunny', NULL),
(1285, 43, 58, '2025-10-10', '2025-09-16 10:18:33', '2025-09-16 10:18:33', 'rainy', 91),
(1286, 43, 62, '2025-10-11', '2025-09-16 10:18:33', '2025-09-16 10:18:33', 'rainy', 66),
(1287, 43, 62, '2025-10-12', '2025-09-16 10:18:33', '2025-09-16 10:18:33', 'cloudy', 20),
(1288, 43, 66, '2025-10-13', '2025-09-16 10:18:33', '2025-09-16 10:18:33', 'snowy', 35),
(1289, 43, 68, '2025-10-14', '2025-09-16 10:18:33', '2025-09-16 10:18:33', 'snowy', 28),
(1290, 43, 71, '2025-10-15', '2025-09-16 10:18:33', '2025-09-16 10:18:33', 'snowy', 23),
(1291, 44, -29, '2025-09-16', '2025-09-16 10:18:33', '2025-09-16 10:18:33', 'snowy', 50),
(1292, 44, -33, '2025-09-17', '2025-09-16 10:18:33', '2025-09-16 10:18:33', 'rainy', 100),
(1293, 44, -34, '2025-09-18', '2025-09-16 10:18:33', '2025-09-16 10:18:33', 'rainy', 8),
(1294, 44, -39, '2025-09-19', '2025-09-16 10:18:33', '2025-09-16 10:18:33', 'rainy', 51),
(1295, 44, -34, '2025-09-20', '2025-09-16 10:18:33', '2025-09-16 10:18:33', 'snowy', 10),
(1296, 44, -37, '2025-09-21', '2025-09-16 10:18:33', '2025-09-16 10:18:33', 'sunny', NULL),
(1297, 44, -39, '2025-09-22', '2025-09-16 10:18:33', '2025-09-16 10:18:33', 'rainy', 76),
(1298, 44, -34, '2025-09-23', '2025-09-16 10:18:33', '2025-09-16 10:18:33', 'cloudy', 69),
(1299, 44, -31, '2025-09-24', '2025-09-16 10:18:33', '2025-09-16 10:18:33', 'sunny', NULL),
(1300, 44, -33, '2025-09-25', '2025-09-16 10:18:33', '2025-09-16 10:18:33', 'cloudy', 45),
(1301, 44, -29, '2025-09-26', '2025-09-16 10:18:33', '2025-09-16 10:18:33', 'rainy', 69),
(1302, 44, -33, '2025-09-27', '2025-09-16 10:18:33', '2025-09-16 10:18:33', 'sunny', NULL),
(1303, 44, -31, '2025-09-28', '2025-09-16 10:18:33', '2025-09-16 10:18:33', 'sunny', NULL),
(1304, 44, -31, '2025-09-29', '2025-09-16 10:18:33', '2025-09-16 10:18:33', 'snowy', 58),
(1305, 44, -32, '2025-09-30', '2025-09-16 10:18:33', '2025-09-16 10:18:33', 'snowy', 47),
(1306, 44, -30, '2025-10-01', '2025-09-16 10:18:33', '2025-09-16 10:18:33', 'rainy', 57),
(1307, 44, -26, '2025-10-02', '2025-09-16 10:18:33', '2025-09-16 10:18:33', 'sunny', NULL),
(1308, 44, -25, '2025-10-03', '2025-09-16 10:18:33', '2025-09-16 10:18:33', 'cloudy', 85),
(1309, 44, -29, '2025-10-04', '2025-09-16 10:18:33', '2025-09-16 10:18:33', 'cloudy', 6),
(1310, 44, -31, '2025-10-05', '2025-09-16 10:18:33', '2025-09-16 10:18:33', 'rainy', 72),
(1311, 44, -28, '2025-10-06', '2025-09-16 10:18:33', '2025-09-16 10:18:33', 'sunny', NULL),
(1312, 44, -27, '2025-10-07', '2025-09-16 10:18:33', '2025-09-16 10:18:33', 'cloudy', 91),
(1313, 44, -27, '2025-10-08', '2025-09-16 10:18:33', '2025-09-16 10:18:33', 'sunny', NULL),
(1314, 44, -31, '2025-10-09', '2025-09-16 10:18:33', '2025-09-16 10:18:33', 'sunny', NULL),
(1315, 44, -28, '2025-10-10', '2025-09-16 10:18:33', '2025-09-16 10:18:33', 'rainy', 34),
(1316, 44, -26, '2025-10-11', '2025-09-16 10:18:33', '2025-09-16 10:18:33', 'sunny', NULL),
(1317, 44, -31, '2025-10-12', '2025-09-16 10:18:33', '2025-09-16 10:18:33', 'snowy', 5),
(1318, 44, -36, '2025-10-13', '2025-09-16 10:18:33', '2025-09-16 10:18:33', 'sunny', NULL),
(1319, 44, -36, '2025-10-14', '2025-09-16 10:18:33', '2025-09-16 10:18:33', 'rainy', 2),
(1320, 44, -34, '2025-10-15', '2025-09-16 10:18:33', '2025-09-16 10:18:33', 'rainy', 96),
(1321, 45, 50, '2025-09-16', '2025-09-16 10:18:33', '2025-09-16 10:18:33', 'rainy', 43),
(1322, 45, 52, '2025-09-17', '2025-09-16 10:18:33', '2025-09-16 10:18:33', 'sunny', NULL),
(1323, 45, 53, '2025-09-18', '2025-09-16 10:18:33', '2025-09-16 10:18:33', 'rainy', 95),
(1324, 45, 57, '2025-09-19', '2025-09-16 10:18:33', '2025-09-16 10:18:33', 'cloudy', 13),
(1325, 45, 54, '2025-09-20', '2025-09-16 10:18:33', '2025-09-16 10:18:33', 'rainy', 89),
(1326, 45, 55, '2025-09-21', '2025-09-16 10:18:33', '2025-09-16 10:18:33', 'sunny', NULL),
(1327, 45, 59, '2025-09-22', '2025-09-16 10:18:33', '2025-09-16 10:18:33', 'cloudy', 41),
(1328, 45, 63, '2025-09-23', '2025-09-16 10:18:33', '2025-09-16 10:18:33', 'rainy', 2),
(1329, 45, 58, '2025-09-24', '2025-09-16 10:18:33', '2025-09-16 10:18:33', 'cloudy', 92),
(1330, 45, 61, '2025-09-25', '2025-09-16 10:18:33', '2025-09-16 10:18:33', 'cloudy', 27),
(1331, 45, 57, '2025-09-26', '2025-09-16 10:18:33', '2025-09-16 10:18:33', 'cloudy', 50),
(1332, 45, 61, '2025-09-27', '2025-09-16 10:18:33', '2025-09-16 10:18:33', 'cloudy', 75),
(1333, 45, 58, '2025-09-28', '2025-09-16 10:18:33', '2025-09-16 10:18:33', 'cloudy', 63),
(1334, 45, 62, '2025-09-29', '2025-09-16 10:18:33', '2025-09-16 10:18:33', 'sunny', NULL),
(1335, 45, 57, '2025-09-30', '2025-09-16 10:18:33', '2025-09-16 10:18:33', 'sunny', NULL),
(1336, 45, 61, '2025-10-01', '2025-09-16 10:18:33', '2025-09-16 10:18:33', 'snowy', 60),
(1337, 45, 61, '2025-10-02', '2025-09-16 10:18:33', '2025-09-16 10:18:33', 'cloudy', 99),
(1338, 45, 62, '2025-10-03', '2025-09-16 10:18:33', '2025-09-16 10:18:33', 'cloudy', 45),
(1339, 45, 64, '2025-10-04', '2025-09-16 10:18:33', '2025-09-16 10:18:33', 'sunny', NULL),
(1340, 45, 61, '2025-10-05', '2025-09-16 10:18:33', '2025-09-16 10:18:33', 'sunny', NULL),
(1341, 45, 65, '2025-10-06', '2025-09-16 10:18:33', '2025-09-16 10:18:33', 'snowy', 77),
(1342, 45, 66, '2025-10-07', '2025-09-16 10:18:33', '2025-09-16 10:18:33', 'cloudy', 9),
(1343, 45, 63, '2025-10-08', '2025-09-16 10:18:33', '2025-09-16 10:18:33', 'rainy', 99),
(1344, 45, 58, '2025-10-09', '2025-09-16 10:18:33', '2025-09-16 10:18:33', 'snowy', 8),
(1345, 45, 61, '2025-10-10', '2025-09-16 10:18:33', '2025-09-16 10:18:33', 'cloudy', 38),
(1346, 45, 57, '2025-10-11', '2025-09-16 10:18:33', '2025-09-16 10:18:33', 'sunny', NULL),
(1347, 45, 56, '2025-10-12', '2025-09-16 10:18:33', '2025-09-16 10:18:33', 'sunny', NULL),
(1348, 45, 61, '2025-10-13', '2025-09-16 10:18:33', '2025-09-16 10:18:33', 'snowy', 63),
(1349, 45, 65, '2025-10-14', '2025-09-16 10:18:33', '2025-09-16 10:18:33', 'snowy', 63),
(1350, 45, 67, '2025-10-15', '2025-09-16 10:18:33', '2025-09-16 10:18:33', 'rainy', 75),
(1351, 46, -12, '2025-09-16', '2025-09-16 10:18:33', '2025-09-16 10:18:33', 'snowy', 84),
(1352, 46, -13, '2025-09-17', '2025-09-16 10:18:33', '2025-09-16 10:18:33', 'sunny', NULL),
(1353, 46, -17, '2025-09-18', '2025-09-16 10:18:33', '2025-09-16 10:18:33', 'snowy', 21),
(1354, 46, -18, '2025-09-19', '2025-09-16 10:18:33', '2025-09-16 10:18:33', 'sunny', NULL),
(1355, 46, -18, '2025-09-20', '2025-09-16 10:18:33', '2025-09-16 10:18:33', 'sunny', NULL),
(1356, 46, -16, '2025-09-21', '2025-09-16 10:18:33', '2025-09-16 10:18:33', 'sunny', NULL),
(1357, 46, -13, '2025-09-22', '2025-09-16 10:18:33', '2025-09-16 10:18:33', 'sunny', NULL),
(1358, 46, -8, '2025-09-23', '2025-09-16 10:18:33', '2025-09-16 10:18:33', 'snowy', 8),
(1359, 46, -10, '2025-09-24', '2025-09-16 10:18:33', '2025-09-16 10:18:33', 'snowy', 63),
(1360, 46, -9, '2025-09-25', '2025-09-16 10:18:33', '2025-09-16 10:18:33', 'sunny', NULL),
(1361, 46, -4, '2025-09-26', '2025-09-16 10:18:33', '2025-09-16 10:18:33', 'snowy', 48),
(1362, 46, -7, '2025-09-27', '2025-09-16 10:18:33', '2025-09-16 10:18:33', 'snowy', 85),
(1363, 46, -12, '2025-09-28', '2025-09-16 10:18:33', '2025-09-16 10:18:33', 'rainy', 36),
(1364, 46, -16, '2025-09-29', '2025-09-16 10:18:33', '2025-09-16 10:18:33', 'rainy', 23),
(1365, 46, -19, '2025-09-30', '2025-09-16 10:18:33', '2025-09-16 10:18:33', 'snowy', 82),
(1366, 46, -14, '2025-10-01', '2025-09-16 10:18:33', '2025-09-16 10:18:33', 'rainy', 45),
(1367, 46, -18, '2025-10-02', '2025-09-16 10:18:33', '2025-09-16 10:18:33', 'sunny', NULL),
(1368, 46, -16, '2025-10-03', '2025-09-16 10:18:33', '2025-09-16 10:18:33', 'snowy', 19),
(1369, 46, -20, '2025-10-04', '2025-09-16 10:18:33', '2025-09-16 10:18:33', 'cloudy', 40),
(1370, 46, -15, '2025-10-05', '2025-09-16 10:18:33', '2025-09-16 10:18:33', 'cloudy', 99),
(1371, 46, -11, '2025-10-06', '2025-09-16 10:18:33', '2025-09-16 10:18:33', 'snowy', 3),
(1372, 46, -7, '2025-10-07', '2025-09-16 10:18:33', '2025-09-16 10:18:33', 'rainy', 95),
(1373, 46, -6, '2025-10-08', '2025-09-16 10:18:33', '2025-09-16 10:18:33', 'cloudy', 64),
(1374, 46, -6, '2025-10-09', '2025-09-16 10:18:33', '2025-09-16 10:18:33', 'sunny', NULL),
(1375, 46, -10, '2025-10-10', '2025-09-16 10:18:33', '2025-09-16 10:18:33', 'cloudy', 21),
(1376, 46, -11, '2025-10-11', '2025-09-16 10:18:33', '2025-09-16 10:18:33', 'snowy', 18),
(1377, 46, -11, '2025-10-12', '2025-09-16 10:18:33', '2025-09-16 10:18:33', 'snowy', 29),
(1378, 46, -15, '2025-10-13', '2025-09-16 10:18:33', '2025-09-16 10:18:33', 'cloudy', 46),
(1379, 46, -15, '2025-10-14', '2025-09-16 10:18:33', '2025-09-16 10:18:33', 'sunny', NULL),
(1380, 46, -10, '2025-10-15', '2025-09-16 10:18:33', '2025-09-16 10:18:33', 'rainy', 21),
(1381, 47, -21, '2025-09-16', '2025-09-16 10:18:33', '2025-09-16 10:18:33', 'sunny', NULL),
(1382, 47, -23, '2025-09-17', '2025-09-16 10:18:33', '2025-09-16 10:18:33', 'cloudy', 99),
(1383, 47, -24, '2025-09-18', '2025-09-16 10:18:33', '2025-09-16 10:18:33', 'cloudy', 44),
(1384, 47, -22, '2025-09-19', '2025-09-16 10:18:33', '2025-09-16 10:18:33', 'rainy', 33),
(1385, 47, -17, '2025-09-20', '2025-09-16 10:18:33', '2025-09-16 10:18:33', 'sunny', NULL),
(1386, 47, -14, '2025-09-21', '2025-09-16 10:18:33', '2025-09-16 10:18:33', 'rainy', 82),
(1387, 47, -17, '2025-09-22', '2025-09-16 10:18:33', '2025-09-16 10:18:33', 'cloudy', 81),
(1388, 47, -15, '2025-09-23', '2025-09-16 10:18:33', '2025-09-16 10:18:33', 'rainy', 45),
(1389, 47, -14, '2025-09-24', '2025-09-16 10:18:33', '2025-09-16 10:18:33', 'rainy', 51),
(1390, 47, -14, '2025-09-25', '2025-09-16 10:18:33', '2025-09-16 10:18:33', 'rainy', 26),
(1391, 47, -10, '2025-09-26', '2025-09-16 10:18:33', '2025-09-16 10:18:33', 'rainy', 87),
(1392, 47, -15, '2025-09-27', '2025-09-16 10:18:33', '2025-09-16 10:18:33', 'rainy', 2),
(1393, 47, -13, '2025-09-28', '2025-09-16 10:18:33', '2025-09-16 10:18:33', 'snowy', 72),
(1394, 47, -8, '2025-09-29', '2025-09-16 10:18:33', '2025-09-16 10:18:33', 'snowy', 39),
(1395, 47, -3, '2025-09-30', '2025-09-16 10:18:33', '2025-09-16 10:18:33', 'cloudy', 75),
(1396, 47, -3, '2025-10-01', '2025-09-16 10:18:33', '2025-09-16 10:18:33', 'rainy', 46),
(1397, 47, -5, '2025-10-02', '2025-09-16 10:18:33', '2025-09-16 10:18:33', 'snowy', 40),
(1398, 47, -9, '2025-10-03', '2025-09-16 10:18:33', '2025-09-16 10:18:33', 'snowy', 14),
(1399, 47, -7, '2025-10-04', '2025-09-16 10:18:33', '2025-09-16 10:18:33', 'sunny', NULL),
(1400, 47, -8, '2025-10-05', '2025-09-16 10:18:33', '2025-09-16 10:18:33', 'rainy', 95),
(1401, 47, -8, '2025-10-06', '2025-09-16 10:18:33', '2025-09-16 10:18:33', 'rainy', 27),
(1402, 47, -13, '2025-10-07', '2025-09-16 10:18:33', '2025-09-16 10:18:33', 'snowy', 50),
(1403, 47, -12, '2025-10-08', '2025-09-16 10:18:33', '2025-09-16 10:18:33', 'cloudy', 74),
(1404, 47, -14, '2025-10-09', '2025-09-16 10:18:33', '2025-09-16 10:18:33', 'cloudy', 24),
(1405, 47, -13, '2025-10-10', '2025-09-16 10:18:33', '2025-09-16 10:18:33', 'sunny', NULL),
(1406, 47, -13, '2025-10-11', '2025-09-16 10:18:33', '2025-09-16 10:18:33', 'sunny', NULL),
(1407, 47, -17, '2025-10-12', '2025-09-16 10:18:33', '2025-09-16 10:18:33', 'rainy', 57),
(1408, 47, -15, '2025-10-13', '2025-09-16 10:18:33', '2025-09-16 10:18:33', 'cloudy', 18),
(1409, 47, -12, '2025-10-14', '2025-09-16 10:18:33', '2025-09-16 10:18:33', 'snowy', 60),
(1410, 47, -11, '2025-10-15', '2025-09-16 10:18:33', '2025-09-16 10:18:33', 'rainy', 20),
(1411, 48, -29, '2025-09-16', '2025-09-16 10:18:33', '2025-09-16 10:18:33', 'cloudy', 46),
(1412, 48, -27, '2025-09-17', '2025-09-16 10:18:33', '2025-09-16 10:18:33', 'cloudy', 55),
(1413, 48, -27, '2025-09-18', '2025-09-16 10:18:33', '2025-09-16 10:18:33', 'snowy', 86),
(1414, 48, -31, '2025-09-19', '2025-09-16 10:18:33', '2025-09-16 10:18:33', 'sunny', NULL),
(1415, 48, -27, '2025-09-20', '2025-09-16 10:18:33', '2025-09-16 10:18:33', 'sunny', NULL),
(1416, 48, -22, '2025-09-21', '2025-09-16 10:18:33', '2025-09-16 10:18:33', 'cloudy', 85),
(1417, 48, -20, '2025-09-22', '2025-09-16 10:18:33', '2025-09-16 10:18:33', 'cloudy', 33),
(1418, 48, -15, '2025-09-23', '2025-09-16 10:18:33', '2025-09-16 10:18:33', 'cloudy', 72),
(1419, 48, -10, '2025-09-24', '2025-09-16 10:18:33', '2025-09-16 10:18:33', 'rainy', 90),
(1420, 48, -5, '2025-09-25', '2025-09-16 10:18:33', '2025-09-16 10:18:33', 'rainy', 59),
(1421, 48, -5, '2025-09-26', '2025-09-16 10:18:33', '2025-09-16 10:18:33', 'rainy', 91),
(1422, 48, -7, '2025-09-27', '2025-09-16 10:18:33', '2025-09-16 10:18:33', 'cloudy', 69),
(1423, 48, -6, '2025-09-28', '2025-09-16 10:18:33', '2025-09-16 10:18:33', 'sunny', NULL),
(1424, 48, -1, '2025-09-29', '2025-09-16 10:18:33', '2025-09-16 10:18:33', 'cloudy', 98),
(1425, 48, 4, '2025-09-30', '2025-09-16 10:18:33', '2025-09-16 10:18:33', 'cloudy', 99),
(1426, 48, 5, '2025-10-01', '2025-09-16 10:18:33', '2025-09-16 10:18:33', 'cloudy', 12),
(1427, 48, 3, '2025-10-02', '2025-09-16 10:18:33', '2025-09-16 10:18:33', 'sunny', NULL),
(1428, 48, 0, '2025-10-03', '2025-09-16 10:18:33', '2025-09-16 10:18:33', 'cloudy', 41),
(1429, 48, 0, '2025-10-04', '2025-09-16 10:18:33', '2025-09-16 10:18:33', 'snowy', 30),
(1430, 48, 1, '2025-10-05', '2025-09-16 10:18:33', '2025-09-16 10:18:33', 'sunny', NULL),
(1431, 48, -2, '2025-10-06', '2025-09-16 10:18:33', '2025-09-16 10:18:33', 'rainy', 55),
(1432, 48, 1, '2025-10-07', '2025-09-16 10:18:33', '2025-09-16 10:18:33', 'cloudy', 81),
(1433, 48, 0, '2025-10-08', '2025-09-16 10:18:33', '2025-09-16 10:18:33', 'rainy', 20),
(1434, 48, -5, '2025-10-09', '2025-09-16 10:18:33', '2025-09-16 10:18:33', 'snowy', 85),
(1435, 48, -9, '2025-10-10', '2025-09-16 10:18:33', '2025-09-16 10:18:33', 'cloudy', 61),
(1436, 48, -9, '2025-10-11', '2025-09-16 10:18:33', '2025-09-16 10:18:33', 'sunny', NULL),
(1437, 48, -12, '2025-10-12', '2025-09-16 10:18:33', '2025-09-16 10:18:33', 'cloudy', 80),
(1438, 48, -9, '2025-10-13', '2025-09-16 10:18:33', '2025-09-16 10:18:33', 'sunny', NULL),
(1439, 48, -7, '2025-10-14', '2025-09-16 10:18:33', '2025-09-16 10:18:33', 'cloudy', 62),
(1440, 48, -11, '2025-10-15', '2025-09-16 10:18:33', '2025-09-16 10:18:33', 'sunny', NULL),
(1441, 49, -47, '2025-09-16', '2025-09-16 10:18:33', '2025-09-16 10:18:33', 'cloudy', 59),
(1442, 49, -52, '2025-09-17', '2025-09-16 10:18:33', '2025-09-16 10:18:33', 'rainy', 35),
(1443, 49, -51, '2025-09-18', '2025-09-16 10:18:33', '2025-09-16 10:18:33', 'snowy', 14),
(1444, 49, -56, '2025-09-19', '2025-09-16 10:18:33', '2025-09-16 10:18:33', 'rainy', 48),
(1445, 49, -51, '2025-09-20', '2025-09-16 10:18:33', '2025-09-16 10:18:33', 'rainy', 14),
(1446, 49, -49, '2025-09-21', '2025-09-16 10:18:33', '2025-09-16 10:18:33', 'snowy', 9),
(1447, 49, -47, '2025-09-22', '2025-09-16 10:18:33', '2025-09-16 10:18:33', 'cloudy', 5),
(1448, 49, -45, '2025-09-23', '2025-09-16 10:18:33', '2025-09-16 10:18:33', 'cloudy', 83),
(1449, 49, -47, '2025-09-24', '2025-09-16 10:18:33', '2025-09-16 10:18:33', 'rainy', 27),
(1450, 49, -47, '2025-09-25', '2025-09-16 10:18:33', '2025-09-16 10:18:33', 'sunny', NULL),
(1451, 49, -52, '2025-09-26', '2025-09-16 10:18:33', '2025-09-16 10:18:33', 'cloudy', 80),
(1452, 49, -57, '2025-09-27', '2025-09-16 10:18:33', '2025-09-16 10:18:33', 'sunny', NULL),
(1453, 49, -53, '2025-09-28', '2025-09-16 10:18:33', '2025-09-16 10:18:33', 'cloudy', 20),
(1454, 49, -57, '2025-09-29', '2025-09-16 10:18:33', '2025-09-16 10:18:33', 'cloudy', 78),
(1455, 49, -62, '2025-09-30', '2025-09-16 10:18:33', '2025-09-16 10:18:33', 'cloudy', 56),
(1456, 49, -65, '2025-10-01', '2025-09-16 10:18:33', '2025-09-16 10:18:33', 'snowy', 97),
(1457, 49, -61, '2025-10-02', '2025-09-16 10:18:33', '2025-09-16 10:18:33', 'snowy', 15),
(1458, 49, -65, '2025-10-03', '2025-09-16 10:18:33', '2025-09-16 10:18:33', 'rainy', 84),
(1459, 49, -65, '2025-10-04', '2025-09-16 10:18:33', '2025-09-16 10:18:33', 'snowy', 26),
(1460, 49, -69, '2025-10-05', '2025-09-16 10:18:33', '2025-09-16 10:18:33', 'sunny', NULL),
(1461, 49, -67, '2025-10-06', '2025-09-16 10:18:33', '2025-09-16 10:18:33', 'rainy', 63),
(1462, 49, -70, '2025-10-07', '2025-09-16 10:18:33', '2025-09-16 10:18:33', 'rainy', 88),
(1463, 49, -70, '2025-10-08', '2025-09-16 10:18:33', '2025-09-16 10:18:33', 'cloudy', 34),
(1464, 49, -67, '2025-10-09', '2025-09-16 10:18:33', '2025-09-16 10:18:33', 'rainy', 87),
(1465, 49, -70, '2025-10-10', '2025-09-16 10:18:33', '2025-09-16 10:18:33', 'rainy', 3),
(1466, 49, -65, '2025-10-11', '2025-09-16 10:18:33', '2025-09-16 10:18:33', 'rainy', 9),
(1467, 49, -69, '2025-10-12', '2025-09-16 10:18:33', '2025-09-16 10:18:33', 'cloudy', 62),
(1468, 49, -73, '2025-10-13', '2025-09-16 10:18:33', '2025-09-16 10:18:33', 'cloudy', 58),
(1469, 49, -76, '2025-10-14', '2025-09-16 10:18:33', '2025-09-16 10:18:33', 'cloudy', 71),
(1470, 49, -79, '2025-10-15', '2025-09-16 10:18:33', '2025-09-16 10:18:33', 'snowy', 4),
(1471, 50, -28, '2025-09-16', '2025-09-16 10:18:33', '2025-09-16 10:18:33', 'snowy', 63),
(1472, 50, -25, '2025-09-17', '2025-09-16 10:18:33', '2025-09-16 10:18:33', 'sunny', NULL),
(1473, 50, -27, '2025-09-18', '2025-09-16 10:18:33', '2025-09-16 10:18:33', 'rainy', 22),
(1474, 50, -23, '2025-09-19', '2025-09-16 10:18:33', '2025-09-16 10:18:33', 'sunny', NULL),
(1475, 50, -27, '2025-09-20', '2025-09-16 10:18:33', '2025-09-16 10:18:33', 'cloudy', 22),
(1476, 50, -30, '2025-09-21', '2025-09-16 10:18:33', '2025-09-16 10:18:33', 'sunny', NULL),
(1477, 50, -26, '2025-09-22', '2025-09-16 10:18:33', '2025-09-16 10:18:33', 'snowy', 53),
(1478, 50, -26, '2025-09-23', '2025-09-16 10:18:33', '2025-09-16 10:18:33', 'rainy', 2),
(1479, 50, -25, '2025-09-24', '2025-09-16 10:18:33', '2025-09-16 10:18:33', 'snowy', 63),
(1480, 50, -26, '2025-09-25', '2025-09-16 10:18:33', '2025-09-16 10:18:33', 'snowy', 30),
(1481, 50, -26, '2025-09-26', '2025-09-16 10:18:33', '2025-09-16 10:18:33', 'rainy', 43),
(1482, 50, -25, '2025-09-27', '2025-09-16 10:18:33', '2025-09-16 10:18:33', 'cloudy', 51),
(1483, 50, -26, '2025-09-28', '2025-09-16 10:18:34', '2025-09-16 10:18:34', 'sunny', NULL),
(1484, 50, -26, '2025-09-29', '2025-09-16 10:18:34', '2025-09-16 10:18:34', 'rainy', 26),
(1485, 50, -25, '2025-09-30', '2025-09-16 10:18:34', '2025-09-16 10:18:34', 'cloudy', 65),
(1486, 50, -28, '2025-10-01', '2025-09-16 10:18:34', '2025-09-16 10:18:34', 'cloudy', 32),
(1487, 50, -23, '2025-10-02', '2025-09-16 10:18:34', '2025-09-16 10:18:34', 'cloudy', 79),
(1488, 50, -24, '2025-10-03', '2025-09-16 10:18:34', '2025-09-16 10:18:34', 'sunny', NULL),
(1489, 50, -25, '2025-10-04', '2025-09-16 10:18:34', '2025-09-16 10:18:34', 'cloudy', 39),
(1490, 50, -29, '2025-10-05', '2025-09-16 10:18:34', '2025-09-16 10:18:34', 'rainy', 49),
(1491, 50, -28, '2025-10-06', '2025-09-16 10:18:34', '2025-09-16 10:18:34', 'snowy', 72),
(1492, 50, -30, '2025-10-07', '2025-09-16 10:18:34', '2025-09-16 10:18:34', 'rainy', 53),
(1493, 50, -27, '2025-10-08', '2025-09-16 10:18:34', '2025-09-16 10:18:34', 'snowy', 44),
(1494, 50, -31, '2025-10-09', '2025-09-16 10:18:34', '2025-09-16 10:18:34', 'sunny', NULL),
(1495, 50, -36, '2025-10-10', '2025-09-16 10:18:34', '2025-09-16 10:18:34', 'cloudy', 3),
(1496, 50, -31, '2025-10-11', '2025-09-16 10:18:34', '2025-09-16 10:18:34', 'cloudy', 76),
(1497, 50, -35, '2025-10-12', '2025-09-16 10:18:34', '2025-09-16 10:18:34', 'snowy', 47),
(1498, 50, -38, '2025-10-13', '2025-09-16 10:18:34', '2025-09-16 10:18:34', 'sunny', NULL),
(1499, 50, -34, '2025-10-14', '2025-09-16 10:18:34', '2025-09-16 10:18:34', 'sunny', NULL),
(1500, 50, -29, '2025-10-15', '2025-09-16 10:18:34', '2025-09-16 10:18:34', 'snowy', 17),
(1501, 1, 33, '2025-11-01', '2025-09-16 16:31:36', '2025-09-16 16:31:36', 'sunny', 5);

-- --------------------------------------------------------

--
-- Table structure for table `items`
--

DROP TABLE IF EXISTS `items`;
CREATE TABLE IF NOT EXISTS `items` (
  `id` bigint UNSIGNED NOT NULL AUTO_INCREMENT,
  `item` varchar(64) COLLATE utf8mb4_unicode_ci NOT NULL,
  `created_at` timestamp NULL DEFAULT NULL,
  `updated_at` timestamp NULL DEFAULT NULL,
  PRIMARY KEY (`id`)
) ENGINE=InnoDB DEFAULT CHARSET=utf8mb4 COLLATE=utf8mb4_unicode_ci;

-- --------------------------------------------------------

--
-- Table structure for table `jobs`
--

DROP TABLE IF EXISTS `jobs`;
CREATE TABLE IF NOT EXISTS `jobs` (
  `id` bigint UNSIGNED NOT NULL AUTO_INCREMENT,
  `queue` varchar(191) COLLATE utf8mb4_unicode_ci NOT NULL,
  `payload` longtext COLLATE utf8mb4_unicode_ci NOT NULL,
  `attempts` tinyint UNSIGNED NOT NULL,
  `reserved_at` int UNSIGNED DEFAULT NULL,
  `available_at` int UNSIGNED NOT NULL,
  `created_at` int UNSIGNED NOT NULL,
  PRIMARY KEY (`id`),
  KEY `jobs_queue_index` (`queue`)
) ENGINE=InnoDB DEFAULT CHARSET=utf8mb4 COLLATE=utf8mb4_unicode_ci;

-- --------------------------------------------------------

--
-- Table structure for table `job_batches`
--

DROP TABLE IF EXISTS `job_batches`;
CREATE TABLE IF NOT EXISTS `job_batches` (
  `id` varchar(191) COLLATE utf8mb4_unicode_ci NOT NULL,
  `name` varchar(191) COLLATE utf8mb4_unicode_ci NOT NULL,
  `total_jobs` int NOT NULL,
  `pending_jobs` int NOT NULL,
  `failed_jobs` int NOT NULL,
  `failed_job_ids` longtext COLLATE utf8mb4_unicode_ci NOT NULL,
  `options` mediumtext COLLATE utf8mb4_unicode_ci,
  `cancelled_at` int DEFAULT NULL,
  `created_at` int NOT NULL,
  `finished_at` int DEFAULT NULL,
  PRIMARY KEY (`id`)
) ENGINE=InnoDB DEFAULT CHARSET=utf8mb4 COLLATE=utf8mb4_unicode_ci;

-- --------------------------------------------------------

--
-- Table structure for table `migrations`
--

DROP TABLE IF EXISTS `migrations`;
CREATE TABLE IF NOT EXISTS `migrations` (
  `id` int UNSIGNED NOT NULL AUTO_INCREMENT,
  `migration` varchar(191) COLLATE utf8mb4_unicode_ci NOT NULL,
  `batch` int NOT NULL,
  PRIMARY KEY (`id`)
) ENGINE=InnoDB AUTO_INCREMENT=17 DEFAULT CHARSET=utf8mb4 COLLATE=utf8mb4_unicode_ci;

--
-- Dumping data for table `migrations`
--

INSERT INTO `migrations` (`id`, `migration`, `batch`) VALUES
(1, '0001_01_01_000000_create_users_table', 1),
(2, '0001_01_01_000001_create_cache_table', 1),
(3, '0001_01_01_000002_create_jobs_table', 1),
(4, '2025_07_19_154137_create_ocena_table', 1),
(5, '2025_07_29_053809_add_user_id_to_ocene', 1),
(6, '2025_07_29_061430_add_role_to_users', 1),
(7, '2025_07_29_062220_create_products_table', 1),
(8, '2025_07_30_063226_create_contacts_table', 1),
(9, '2025_08_01_091259_create_students_table', 1),
(10, '2025_08_01_094721_add_year_of_start_to_students', 1),
(11, '2025_08_04_114442_create_items_table', 1),
(12, '2025_08_17_185545_create_cities_table', 1),
(13, '2025_08_17_195347_create_forecasts_table', 1),
(14, '2025_08_17_211940_create_weather_table', 1),
(15, '2025_08_26_053942_add_weather_type_and_probabbility_to_forecasts', 1),
(16, '2025_09_16_184259_create_user_cities', 2);

-- --------------------------------------------------------

--
-- Table structure for table `ocena`
--

DROP TABLE IF EXISTS `ocena`;
CREATE TABLE IF NOT EXISTS `ocena` (
  `id` bigint UNSIGNED NOT NULL AUTO_INCREMENT,
  `predmet` varchar(64) COLLATE utf8mb4_unicode_ci NOT NULL,
  `ocena` int NOT NULL,
  `profesor` varchar(64) COLLATE utf8mb4_unicode_ci NOT NULL,
  `created_at` timestamp NULL DEFAULT NULL,
  `updated_at` timestamp NULL DEFAULT NULL,
  `user_id` bigint UNSIGNED DEFAULT NULL,
  PRIMARY KEY (`id`),
  KEY `ocena_user_id_foreign` (`user_id`)
) ENGINE=InnoDB DEFAULT CHARSET=utf8mb4 COLLATE=utf8mb4_unicode_ci;

-- --------------------------------------------------------

--
-- Table structure for table `password_reset_tokens`
--

DROP TABLE IF EXISTS `password_reset_tokens`;
CREATE TABLE IF NOT EXISTS `password_reset_tokens` (
  `email` varchar(191) COLLATE utf8mb4_unicode_ci NOT NULL,
  `token` varchar(191) COLLATE utf8mb4_unicode_ci NOT NULL,
  `created_at` timestamp NULL DEFAULT NULL,
  PRIMARY KEY (`email`)
) ENGINE=InnoDB DEFAULT CHARSET=utf8mb4 COLLATE=utf8mb4_unicode_ci;

-- --------------------------------------------------------

--
-- Table structure for table `products`
--

DROP TABLE IF EXISTS `products`;
CREATE TABLE IF NOT EXISTS `products` (
  `id` bigint UNSIGNED NOT NULL AUTO_INCREMENT,
  `name` varchar(64) COLLATE utf8mb4_unicode_ci NOT NULL,
  `description` text COLLATE utf8mb4_unicode_ci NOT NULL,
  `amount` int UNSIGNED NOT NULL,
  `price` int UNSIGNED NOT NULL,
  `image` varchar(191) COLLATE utf8mb4_unicode_ci DEFAULT NULL,
  `created_at` timestamp NULL DEFAULT NULL,
  `updated_at` timestamp NULL DEFAULT NULL,
  PRIMARY KEY (`id`)
) ENGINE=InnoDB DEFAULT CHARSET=utf8mb4 COLLATE=utf8mb4_unicode_ci;

-- --------------------------------------------------------

--
-- Table structure for table `sessions`
--

DROP TABLE IF EXISTS `sessions`;
CREATE TABLE IF NOT EXISTS `sessions` (
  `id` varchar(191) COLLATE utf8mb4_unicode_ci NOT NULL,
  `user_id` bigint UNSIGNED DEFAULT NULL,
  `ip_address` varchar(45) COLLATE utf8mb4_unicode_ci DEFAULT NULL,
  `user_agent` text COLLATE utf8mb4_unicode_ci,
  `payload` longtext COLLATE utf8mb4_unicode_ci NOT NULL,
  `last_activity` int NOT NULL,
  PRIMARY KEY (`id`),
  KEY `sessions_user_id_index` (`user_id`),
  KEY `sessions_last_activity_index` (`last_activity`)
) ENGINE=InnoDB DEFAULT CHARSET=utf8mb4 COLLATE=utf8mb4_unicode_ci;

--
-- Dumping data for table `sessions`
--

INSERT INTO `sessions` (`id`, `user_id`, `ip_address`, `user_agent`, `payload`, `last_activity`) VALUES
('drhEHGitWEJYH0mjk9BteikwlUQSjwn8FFybt98E', NULL, '127.0.0.1', 'Mozilla/5.0 (Linux; Android 6.0; Nexus 5 Build/MRA58N) AppleWebKit/537.36 (KHTML, like Gecko) Chrome/140.0.0.0 Mobile Safari/537.36', 'YTozOntzOjY6Il90b2tlbiI7czo0MDoieHltdXBIWlVEUHU3SjJGWm9PbnFENUFiaVkxSllLZ29WeHlVY0oyciI7czo5OiJfcHJldmlvdXMiO2E6MTp7czozOiJ1cmwiO3M6MjE6Imh0dHA6Ly8xMjcuMC4wLjE6ODAwMCI7fXM6NjoiX2ZsYXNoIjthOjI6e3M6Mzoib2xkIjthOjA6e31zOjM6Im5ldyI7YTowOnt9fX0=', 1758093827),
('e2SEi69mWYqrGthHYWPgpbd2bAloFszBEXcE3T3y', NULL, '127.0.0.1', 'Mozilla/5.0 (Windows NT 10.0; Win64; x64) AppleWebKit/537.36 (KHTML, like Gecko) Chrome/140.0.0.0 Safari/537.36', 'YTozOntzOjY6Il90b2tlbiI7czo0MDoiNGtXNnRiQkxXYVY1NVpQRmxTc251YzE5SFJlb3loRHVpNUVUVHNBVSI7czo5OiJfcHJldmlvdXMiO2E6MTp7czozOiJ1cmwiO3M6MjE6Imh0dHA6Ly8xMjcuMC4wLjE6ODAwMCI7fXM6NjoiX2ZsYXNoIjthOjI6e3M6Mzoib2xkIjthOjA6e31zOjM6Im5ldyI7YTowOnt9fX0=', 1758086998),
('iKtVr80HMIQViNuP3j7fUjkxmrJM84ozIHof3u7i', 53, '127.0.0.1', 'Mozilla/5.0 (Linux; Android 6.0; Nexus 5 Build/MRA58N) AppleWebKit/537.36 (KHTML, like Gecko) Chrome/140.0.0.0 Mobile Safari/537.36', 'YTo0OntzOjY6Il90b2tlbiI7czo0MDoiallJUGpnenVhRzBPbkpGOExRTVg1ZFNMV2VXTUt5NFc5M2xEeXZ0MSI7czo5OiJfcHJldmlvdXMiO2E6MTp7czozOiJ1cmwiO3M6MjE6Imh0dHA6Ly8xMjcuMC4wLjE6ODAwMCI7fXM6NjoiX2ZsYXNoIjthOjI6e3M6Mzoib2xkIjthOjA6e31zOjM6Im5ldyI7YTowOnt9fXM6NTA6ImxvZ2luX3dlYl81OWJhMzZhZGRjMmIyZjk0MDE1ODBmMDE0YzdmNThlYTRlMzA5ODlkIjtpOjUzO30=', 1758090675),
('o7itbEVqrxzP1rUFOOGuJyhrtQh30VoUySUhROKX', 54, '127.0.0.1', 'Mozilla/5.0 (Windows NT 10.0; Win64; x64) AppleWebKit/537.36 (KHTML, like Gecko) Chrome/140.0.0.0 Safari/537.36', 'YTo0OntzOjY6Il90b2tlbiI7czo0MDoiVlJKMzFPdm5pQ2hWZXNhaTk4UEpDTkFpOEhQa1ptbjY0S3g1YVdZbyI7czo5OiJfcHJldmlvdXMiO2E6MTp7czozOiJ1cmwiO3M6NDQ6Imh0dHA6Ly8xMjcuMC4wLjE6ODAwMC9mb3JlY2FzdHMvc2VhcmNoP2NpdHk9Ijt9czo2OiJfZmxhc2giO2E6Mjp7czozOiJvbGQiO2E6MDp7fXM6MzoibmV3IjthOjA6e319czo1MDoibG9naW5fd2ViXzU5YmEzNmFkZGMyYjJmOTQwMTU4MGYwMTRjN2Y1OGVhNGUzMDk4OWQiO2k6NTQ7fQ==', 1758087620),
('P0jNpP1VlInlJYhl1pldRhicMksDyq4IdHsqJz6R', 53, '127.0.0.1', 'Mozilla/5.0 (Windows NT 10.0; Win64; x64) AppleWebKit/537.36 (KHTML, like Gecko) Chrome/140.0.0.0 Safari/537.36', 'YTo0OntzOjY6Il90b2tlbiI7czo0MDoiUGNOdkhBVXUweG9GUnVFeDlaNDZKZlJFT2J3dUh1RElmZFV3dTg2dCI7czo5OiJfcHJldmlvdXMiO2E6MTp7czozOiJ1cmwiO3M6MjE6Imh0dHA6Ly8xMjcuMC4wLjE6ODAwMCI7fXM6NjoiX2ZsYXNoIjthOjI6e3M6Mzoib2xkIjthOjA6e31zOjM6Im5ldyI7YTowOnt9fXM6NTA6ImxvZ2luX3dlYl81OWJhMzZhZGRjMmIyZjk0MDE1ODBmMDE0YzdmNThlYTRlMzA5ODlkIjtpOjUzO30=', 1758093807),
('rMgLSwHuKf5cnejh6FnGOTMeE8o2iSssC3B9bftC', 53, '127.0.0.1', 'Mozilla/5.0 (Linux; Android 6.0; Nexus 5 Build/MRA58N) AppleWebKit/537.36 (KHTML, like Gecko) Chrome/140.0.0.0 Mobile Safari/537.36', 'YTo0OntzOjY6Il90b2tlbiI7czo0MDoiZ1VHeEpJVHZtRm5iZDNqMWlJVVNPSDdvT01uZktJS0xXbGxXeGVQQiI7czo5OiJfcHJldmlvdXMiO2E6MTp7czozOiJ1cmwiO3M6NDQ6Imh0dHA6Ly8xMjcuMC4wLjE6ODAwMC9mb3JlY2FzdHMvc2VhcmNoP2NpdHk9Ijt9czo2OiJfZmxhc2giO2E6Mjp7czozOiJvbGQiO2E6MDp7fXM6MzoibmV3IjthOjA6e319czo1MDoibG9naW5fd2ViXzU5YmEzNmFkZGMyYjJmOTQwMTU4MGYwMTRjN2Y1OGVhNGUzMDk4OWQiO2k6NTM7fQ==', 1758087516);

-- --------------------------------------------------------

--
-- Table structure for table `students`
--

DROP TABLE IF EXISTS `students`;
CREATE TABLE IF NOT EXISTS `students` (
  `id` bigint UNSIGNED NOT NULL AUTO_INCREMENT,
  `name` varchar(64) COLLATE utf8mb4_unicode_ci NOT NULL,
  `surname` varchar(64) COLLATE utf8mb4_unicode_ci NOT NULL,
  `noIndex` varchar(27) COLLATE utf8mb4_unicode_ci NOT NULL,
  `created_at` timestamp NULL DEFAULT NULL,
  `updated_at` timestamp NULL DEFAULT NULL,
  `year` int NOT NULL,
  PRIMARY KEY (`id`)
) ENGINE=InnoDB DEFAULT CHARSET=utf8mb4 COLLATE=utf8mb4_unicode_ci;

-- --------------------------------------------------------

--
-- Table structure for table `users`
--

DROP TABLE IF EXISTS `users`;
CREATE TABLE IF NOT EXISTS `users` (
  `id` bigint UNSIGNED NOT NULL AUTO_INCREMENT,
  `name` varchar(191) COLLATE utf8mb4_unicode_ci NOT NULL,
  `email` varchar(191) COLLATE utf8mb4_unicode_ci NOT NULL,
  `email_verified_at` timestamp NULL DEFAULT NULL,
  `password` varchar(191) COLLATE utf8mb4_unicode_ci NOT NULL,
  `remember_token` varchar(100) COLLATE utf8mb4_unicode_ci DEFAULT NULL,
  `created_at` timestamp NULL DEFAULT NULL,
  `updated_at` timestamp NULL DEFAULT NULL,
  `role` varchar(20) COLLATE utf8mb4_unicode_ci NOT NULL DEFAULT 'user',
  PRIMARY KEY (`id`),
  UNIQUE KEY `users_email_unique` (`email`)
) ENGINE=InnoDB AUTO_INCREMENT=55 DEFAULT CHARSET=utf8mb4 COLLATE=utf8mb4_unicode_ci;

--
-- Dumping data for table `users`
--

INSERT INTO `users` (`id`, `name`, `email`, `email_verified_at`, `password`, `remember_token`, `created_at`, `updated_at`, `role`) VALUES
(1, 'Test User', 'test@example.com', '2025-08-26 04:16:41', '$2y$12$uQX/MPWFUjeWMxz6a9DuPeT5zTQTGacQLV8b4vDS1GH8rb2CW2SsG', 'vTZ86cmziU', '2025-08-26 04:16:41', '2025-08-26 04:16:41', 'user'),
(2, 'Borislav Ilic', 'bokaco@gmail.com', NULL, '$2y$12$loAnsBtfpe9jsi3mEaHbcOrMJkhL1Y3JwGpjItXd5zp/i5VKCggjC', NULL, '2025-08-26 04:26:35', '2025-08-26 04:26:35', 'admin'),
(3, 'Paul Weber', 'iwindler@hotmail.com', NULL, '$2y$12$oEdEdjISnbu/QKWayJ0l0.Y6WFNk2L.N/EwmKFpk8jZm0fT2aZb9O', NULL, '2025-08-26 04:26:50', '2025-08-26 04:26:50', 'user'),
(4, 'Eunice Littel', 'hirthe.colleen@williamson.com', NULL, '$2y$12$tVXqoWn0ASNByIiOfhX1PuuRbUoxBRD6zFwaEezxmGw71aBHyhR6i', NULL, '2025-08-26 04:26:50', '2025-08-26 04:26:50', 'user'),
(5, 'Stephon Smitham', 'kohler.wellington@hotmail.com', NULL, '$2y$12$gZjyp.RKIT2AJQsiPKG69OaqaSlAbuAW5zD2gexFE/DAaSAVgTxtC', NULL, '2025-08-26 04:26:50', '2025-08-26 04:26:50', 'user'),
(6, 'Mark Gaylord', 'bogisich.dee@gutmann.org', NULL, '$2y$12$uueGlLF.o1ZKnPmZgp4ZouGS.10ZavVSngdnNtd5YG/6xrPUJH3Ru', NULL, '2025-08-26 04:26:50', '2025-08-26 04:26:50', 'user'),
(7, 'Larue Jacobi DDS', 'ckessler@kub.biz', NULL, '$2y$12$qV/bTiQlDbzpysrw01af8.H4mywU9HkriAtaSy61FE1UR2/nmLJTC', NULL, '2025-08-26 04:26:50', '2025-08-26 04:26:50', 'user'),
(8, 'Dasia Pfannerstill', 'lucious57@dicki.net', NULL, '$2y$12$m/uMNidctOVtnOS6FDI1fep/o1ezSmTWyV5/HRaKjdc1Ho6YXWWyK', NULL, '2025-08-26 04:26:51', '2025-08-26 04:26:51', 'user'),
(9, 'Antone Borer', 'mmaggio@langworth.org', NULL, '$2y$12$ezzavq3lGS96mAm/K93/Iuh5K37JyKa7NAReGnuFPjQdLhPCTddmm', NULL, '2025-08-26 04:26:51', '2025-08-26 04:26:51', 'user'),
(10, 'Tyrel Schowalter', 'aurelio26@okeefe.com', NULL, '$2y$12$fyTP4RwPf/gEAyRZFyyAUuyMMloc7Wgix8PRYWCNnoVITsHPQ2vQ2', NULL, '2025-08-26 04:26:51', '2025-08-26 04:26:51', 'user'),
(11, 'Jason Okuneva MD', 'sbogisich@gaylord.biz', NULL, '$2y$12$mdr/zbnZ78nlp88WnMOSOuaf2xyeoXEXNWD4jnURIRSykaoDmcKhW', NULL, '2025-08-26 04:26:51', '2025-08-26 04:26:51', 'user'),
(12, 'Maud Maggio', 'mann.dudley@bergstrom.com', NULL, '$2y$12$i/b7YY8zInV9VyLzMSoCrewS23kOyGVIqakEEGdK6r3/2bMJaq.Pi', NULL, '2025-08-26 04:26:52', '2025-08-26 04:26:52', 'user'),
(13, 'Kip Reilly', 'kerluke.layla@lueilwitz.com', NULL, '$2y$12$KVJwxF0pShFxVLcuiYxYUOrfn0Dc0XCRTpi6GUqaaDbzrUXUqlGm2', NULL, '2025-08-26 04:26:52', '2025-08-26 04:26:52', 'user'),
(14, 'Coby Hagenes', 'forest.krajcik@gmail.com', NULL, '$2y$12$VQDcPxbUh6Jxm500cym4KO/1cE6q8vO8N9yWLzqd30GhrJycC91ti', NULL, '2025-08-26 04:26:52', '2025-08-26 04:26:52', 'user'),
(15, 'Caterina Dare', 'pberge@casper.com', NULL, '$2y$12$IDJI/5ToUOt9kzTCR8TT6.9vLtmLN0xIs5c8f274sHI4aP1Lbkbbq', NULL, '2025-08-26 04:26:52', '2025-08-26 04:26:52', 'user'),
(16, 'Prof. Lacey Williamson Sr.', 'hamill.lupe@bartell.org', NULL, '$2y$12$TKfE6qz/8jwECoeOUotWRectfiERoRacvsZRzBfHHJvOS7lKs9W2S', NULL, '2025-08-26 04:26:52', '2025-08-26 04:26:52', 'user'),
(17, 'Mrs. Estrella Schinner DDS', 'cassandra.ledner@gmail.com', NULL, '$2y$12$cXO./fGfY7ZKqEczdf/.Cu.ZFT0hNer9.RuN8x2Z0xsTqIrd194Pm', NULL, '2025-08-26 04:26:53', '2025-08-26 04:26:53', 'user'),
(18, 'Miss Charlotte Koss', 'phaag@hotmail.com', NULL, '$2y$12$qqxRW6/6LuIwVHP84bkfxOgN3bFS7rKXbRPX1dnA83TBzoD26dB7m', NULL, '2025-08-26 04:26:53', '2025-08-26 04:26:53', 'user'),
(19, 'Cesar West', 'brown.emmanuel@yahoo.com', NULL, '$2y$12$dbZ3HFjkUrLxLh9/z9iUNOkZv2U6Pa93PDlbhVDuHgeBUGDpgJrQa', NULL, '2025-08-26 04:26:53', '2025-08-26 04:26:53', 'user'),
(20, 'Jana Paucek', 'damore.carolina@gmail.com', NULL, '$2y$12$Tafh0LViyMgRZfyC/xC5EeZvgBwu9QBfEvKjffYMTe6/FWB7KzIbK', NULL, '2025-08-26 04:26:53', '2025-08-26 04:26:53', 'user'),
(21, 'Abigail Pouros', 'jones.elvie@kub.net', NULL, '$2y$12$I9miD5fyw6F4s.WuedJnpe.uw3gOiBtyjPQsOMpeEBmL/0qGUnY8q', NULL, '2025-08-26 04:26:53', '2025-08-26 04:26:53', 'user'),
(22, 'Prof. Yazmin Ritchie DVM', 'era53@hotmail.com', NULL, '$2y$12$qmXK/wVYUDoB70pHK5GkwOsayGhEQnt5ZTzrdj/Yh1b5tEdJILbpi', NULL, '2025-08-26 04:26:54', '2025-08-26 04:26:54', 'user'),
(23, 'Gladys Koch', 'pfranecki@farrell.org', NULL, '$2y$12$LF3Jf.QsKzuc6yi4N0p.F.GJpKlPBqI7ikmBRFfIqZPYdVKKSAoRS', NULL, '2025-08-26 04:26:54', '2025-08-26 04:26:54', 'user'),
(24, 'Gwen Beahan', 'camille.herzog@gmail.com', NULL, '$2y$12$QSqP0IRKK.YkyNN7jBzhneAM/YcUnkLMpUYf5.wPtBSvGJ/qcZAPK', NULL, '2025-08-26 04:26:54', '2025-08-26 04:26:54', 'user'),
(25, 'Mr. Kenny Jaskolski IV', 'rchristiansen@yahoo.com', NULL, '$2y$12$DUvwIb0laJ9nMDxqGqbJ3.WVQm8a0JrJj3erTJzZT.zu8ZgSfawbO', NULL, '2025-08-26 04:26:54', '2025-08-26 04:26:54', 'user'),
(26, 'Nakia Runolfsson II', 'bgutmann@gmail.com', NULL, '$2y$12$1kupjR1n3wv.9N0j1TOtpeHUR7VNN5NRJMik1DrDMSub0qjAe0xT.', NULL, '2025-08-26 04:26:54', '2025-08-26 04:26:54', 'user'),
(27, 'Alena Trantow DDS', 'tiffany91@hotmail.com', NULL, '$2y$12$CQJo5GaX1jvY8sDjMPbe/u9eVrgEjXZopkDX5shrF5ckBzJATYz3q', NULL, '2025-08-26 04:26:55', '2025-08-26 04:26:55', 'user'),
(28, 'Dell Huel', 'zion03@yahoo.com', NULL, '$2y$12$6iathTG100eat4Zyt4JrTeH5pH0J2B1yvdsY3kD8PBic1n//uyikO', NULL, '2025-08-26 04:26:55', '2025-08-26 04:26:55', 'user'),
(29, 'Marcia Blick', 'purdy.elaina@gmail.com', NULL, '$2y$12$SkvINXEgLzXPayTW1I0Fqerb8nYYes5Q2Dibx9hWkNA4.7ZJV4xKy', NULL, '2025-08-26 04:26:55', '2025-08-26 04:26:55', 'user'),
(30, 'Kailey Wyman II', 'cassidy.zemlak@hotmail.com', NULL, '$2y$12$EA9MkADHgJ.OwS2fZZUghOp4kvMKFeVcunVCBBiMGz2UbrIJVvzMK', NULL, '2025-08-26 04:26:55', '2025-08-26 04:26:55', 'user'),
(31, 'Maud Labadie', 'wilson42@yahoo.com', NULL, '$2y$12$jjVg2TY7c6S0OKe1oYyTcu4kWEGmtfjh7MnnjTKQsNXYwtDaf6/Iq', NULL, '2025-08-26 04:26:55', '2025-08-26 04:26:55', 'user'),
(32, 'Magdalen Rowe', 'nbayer@gmail.com', NULL, '$2y$12$OID5K3BDpEQZsdPoNg82Le4NF9u.fmBacuket6hjYBc/jTTkCQ9xS', NULL, '2025-08-26 04:26:56', '2025-08-26 04:26:56', 'user'),
(33, 'Pierre Tromp', 'wilhelm05@gmail.com', NULL, '$2y$12$LZWhHx9SZ5KeLrzFTH2bwObyNK9qHk7r3dkHsDHy2mDdImaWvVUhS', NULL, '2025-08-26 04:26:56', '2025-08-26 04:26:56', 'user'),
(34, 'Mrs. Marielle Jakubowski III', 'jhessel@pagac.biz', NULL, '$2y$12$SCAAsFgGT3JiydTTLCPXae2gzQYdBLSiPHXT84u0E/Yd323LLtDte', NULL, '2025-08-26 04:26:56', '2025-08-26 04:26:56', 'user'),
(35, 'Dr. Tate Little DVM', 'lane76@mante.info', NULL, '$2y$12$G0wgSv1oWPOPWkBgMWKImOpLl.zvxz2trBZIj3s3D3CbQEjpd3aL.', NULL, '2025-08-26 04:26:56', '2025-08-26 04:26:56', 'user'),
(36, 'Cassidy Lehner Sr.', 'rsanford@hotmail.com', NULL, '$2y$12$erIgr/xIkwkYGQv2ADeqmO51Fo316D8RXKF2sVNfxXObHk.L9T7fa', NULL, '2025-08-26 04:26:56', '2025-08-26 04:26:56', 'user'),
(37, 'Dr. Neil Stark', 'jbartell@denesik.biz', NULL, '$2y$12$XdPCm32EZCHBjbVCz6ZRbeB3axaCdWo0JJ11B1kCKJyJsz0vg9hF6', NULL, '2025-08-26 04:26:57', '2025-08-26 04:26:57', 'user'),
(38, 'Murl Zieme Sr.', 'nayeli.lind@gmail.com', NULL, '$2y$12$1RGc93L5UC3zMZ93c59O4ON9f3gMaNGPEI36/CUkbgKWokZ8Gfyku', NULL, '2025-08-26 04:26:57', '2025-08-26 04:26:57', 'user'),
(39, 'Vada Mayer', 'zaufderhar@schowalter.com', NULL, '$2y$12$YUQy7H.72eKtR7jixavN8.UmOa5.wu5ijqCpAT0q8.GYq7Wkq8jXq', NULL, '2025-08-26 04:26:57', '2025-08-26 04:26:57', 'user'),
(40, 'Aida Rempel', 'mathilde.will@dach.biz', NULL, '$2y$12$yjaUjf7QuhaT/.H9FsrDCOw8LFHfQdm0zGv4TKXQKd/z08koIF21i', NULL, '2025-08-26 04:26:57', '2025-08-26 04:26:57', 'user'),
(41, 'Queen Willms', 'qtreutel@carroll.info', NULL, '$2y$12$jEap7BRTEJr8j1fIVpxY8ugOQ1l8W5CT.XfGWS/oIpZML809bn2EK', NULL, '2025-08-26 04:26:58', '2025-08-26 04:26:58', 'user'),
(42, 'Cleve Kertzmann', 'rhett.schiller@hand.com', NULL, '$2y$12$Ar7KfLDsdJ.gtoDbyarBK./FrPIWbH4pv7Hcn8dETaP.1PaPK3lMS', NULL, '2025-08-26 04:26:58', '2025-08-26 04:26:58', 'user'),
(43, 'Parker Mante', 'jgaylord@cole.com', NULL, '$2y$12$EE8MH8j/ubfzQXEij6VAReLIVkDXOwvqU2.PcWerUrYSEw2kQv5Vi', NULL, '2025-08-26 04:26:58', '2025-08-26 04:26:58', 'user'),
(44, 'Ralph Murphy Jr.', 'vance54@schneider.com', NULL, '$2y$12$offvlU0UODkUgiqymFWREeV8xr8mV3SP3XPKKn09BRbLuqnC6kZFG', NULL, '2025-08-26 04:26:58', '2025-08-26 04:26:58', 'user'),
(45, 'Ms. Eleanore Huels', 'odell53@hyatt.info', NULL, '$2y$12$oXhLP/eeFld7t5FEokA96eiqjvGdo.mOR/mPEW7wvCJF/Ufht91ia', NULL, '2025-08-26 04:26:58', '2025-08-26 04:26:58', 'user'),
(46, 'Marcelle Ratke PhD', 'odicki@gmail.com', NULL, '$2y$12$45ntQuCdWLbXBUzifLv2Qu7pqnR6S4fwKWpieSPzlkUC7gBmXdWjq', NULL, '2025-08-26 04:26:59', '2025-08-26 04:26:59', 'user'),
(47, 'Kelsi Stiedemann', 'windler.ova@yahoo.com', NULL, '$2y$12$tVlvXOR.wCSTqfhqf9CfqO9oFsICU4Pp1bjxAX2MTRvDWtJ30476.', NULL, '2025-08-26 04:26:59', '2025-08-26 04:26:59', 'user'),
(48, 'Raegan Keebler', 'jaycee.funk@hotmail.com', NULL, '$2y$12$v.LyrDJla8iJKhpJUgF5Vuss5ukQzBnUf4n5E6YjIfs2FuqIKdSt2', NULL, '2025-08-26 04:26:59', '2025-08-26 04:26:59', 'user'),
(49, 'Dr. Frederick Eichmann PhD', 'ometz@waelchi.com', NULL, '$2y$12$kSOPOZjENhtD5HwFjLqKq.FU8q3mTWnyk9Nma/c0cK9a5wXrremHK', NULL, '2025-08-26 04:26:59', '2025-08-26 04:26:59', 'user'),
(50, 'Davon Morissette', 'jacobson.aubree@carter.com', NULL, '$2y$12$58IALZdWeq1ZBTd7hA2nK.d6bp21ldWU666pFjz9BxeWlPgpgxESW', NULL, '2025-08-26 04:26:59', '2025-08-26 04:26:59', 'user'),
(51, 'Miss Amelie Weber', 'nmarvin@yahoo.com', NULL, '$2y$12$fI.t6FRcyIdk1M66cU0C1ubjBW2MLJFbdffiuRrklKRs8Tnd1zz8W', NULL, '2025-08-26 04:27:00', '2025-08-26 04:27:00', 'user'),
(52, 'Micaela Aufderhar', 'raquel90@batz.com', NULL, '$2y$12$wTIbzglQ1VSS4njR8g9q6uQlcVRxRb0wNUiZkwxpBv91VPdFHAYMG', NULL, '2025-08-26 04:27:00', '2025-08-26 04:27:00', 'user'),
(53, 'Admin', 'admin@admin.com', NULL, '$2y$12$sqIap4SKVs9CDdUbWCDHleJgonLEi9GnLcNJIK/jXR4dUE8FDqH16', NULL, '2025-08-27 14:20:13', '2025-08-27 14:20:13', 'admin'),
(54, 'Borislav Ilic', 'bokaco15@gmail.com', NULL, '$2y$12$sWgNcdlfEO6lVJ9T.ons7OzYWUeQt8JRRa8iDVOAnue/isgIrNl5G', NULL, '2025-09-17 03:39:25', '2025-09-17 03:39:25', 'admin');

-- --------------------------------------------------------

--
-- Table structure for table `user_cities`
--

DROP TABLE IF EXISTS `user_cities`;
CREATE TABLE IF NOT EXISTS `user_cities` (
  `id` bigint UNSIGNED NOT NULL AUTO_INCREMENT,
  `city_id` bigint UNSIGNED NOT NULL,
  `user_id` bigint UNSIGNED NOT NULL,
  `created_at` timestamp NULL DEFAULT NULL,
  `updated_at` timestamp NULL DEFAULT NULL,
  PRIMARY KEY (`id`),
  KEY `user_cities_city_id_foreign` (`city_id`),
  KEY `user_cities_user_id_foreign` (`user_id`)
) ENGINE=InnoDB AUTO_INCREMENT=24 DEFAULT CHARSET=utf8mb4 COLLATE=utf8mb4_unicode_ci;

--
-- Dumping data for table `user_cities`
--

INSERT INTO `user_cities` (`id`, `city_id`, `user_id`, `created_at`, `updated_at`) VALUES
(10, 1, 54, '2025-09-17 03:39:53', '2025-09-17 03:39:53'),
(11, 2, 54, '2025-09-17 03:40:11', '2025-09-17 03:40:11'),
(12, 3, 54, '2025-09-17 03:40:12', '2025-09-17 03:40:12'),
(13, 50, 54, '2025-09-17 03:40:20', '2025-09-17 03:40:20'),
(14, 50, 53, '2025-09-17 03:41:40', '2025-09-17 03:41:40'),
(16, 7, 53, '2025-09-17 04:44:00', '2025-09-17 04:44:00'),
(21, 16, 53, '2025-09-17 04:44:05', '2025-09-17 04:44:05'),
(22, 15, 53, '2025-09-17 04:44:06', '2025-09-17 04:44:06'),
(23, 13, 53, '2025-09-17 04:44:07', '2025-09-17 04:44:07');

-- --------------------------------------------------------

--
-- Table structure for table `weather`
--

DROP TABLE IF EXISTS `weather`;
CREATE TABLE IF NOT EXISTS `weather` (
  `id` bigint UNSIGNED NOT NULL AUTO_INCREMENT,
  `city_id` bigint UNSIGNED NOT NULL,
  `temperature` double NOT NULL,
  `created_at` timestamp NULL DEFAULT NULL,
  `updated_at` timestamp NULL DEFAULT NULL,
  PRIMARY KEY (`id`),
  KEY `weather_city_id_foreign` (`city_id`)
) ENGINE=InnoDB AUTO_INCREMENT=51 DEFAULT CHARSET=utf8mb4 COLLATE=utf8mb4_unicode_ci;

--
-- Dumping data for table `weather`
--

INSERT INTO `weather` (`id`, `city_id`, `temperature`, `created_at`, `updated_at`) VALUES
(1, 1, 16.5, '2025-08-26 05:05:49', '2025-08-26 09:17:38'),
(2, 2, 3, '2025-08-26 05:05:49', '2025-08-26 08:34:38'),
(3, 3, 23.9, '2025-08-26 05:05:49', '2025-08-26 05:05:49'),
(4, 4, 34.2, '2025-08-26 05:05:49', '2025-08-26 05:05:49'),
(5, 5, 35.4, '2025-08-26 05:05:49', '2025-08-26 05:05:49'),
(6, 6, 11.1, '2025-08-26 05:05:49', '2025-08-26 05:05:49'),
(7, 7, 13.5, '2025-08-26 05:05:49', '2025-08-26 05:05:49'),
(8, 8, 19.1, '2025-08-26 05:05:49', '2025-08-26 05:05:49'),
(9, 9, 32.4, '2025-08-26 05:05:49', '2025-08-26 05:05:49'),
(10, 10, 36, '2025-08-26 05:05:49', '2025-08-26 05:05:49'),
(11, 11, 17.4, '2025-08-26 05:05:49', '2025-08-26 05:05:49'),
(12, 12, 21.9, '2025-08-26 05:05:49', '2025-08-26 05:05:49'),
(13, 13, 14.6, '2025-08-26 05:05:49', '2025-08-26 05:05:49'),
(14, 14, 22.3, '2025-08-26 05:05:49', '2025-08-26 05:05:49'),
(15, 15, 18.9, '2025-08-26 05:05:49', '2025-08-26 05:05:49'),
(16, 16, 10.7, '2025-08-26 05:05:49', '2025-08-26 05:05:49'),
(17, 17, 17.9, '2025-08-26 05:05:49', '2025-08-26 05:05:49'),
(18, 18, 31.6, '2025-08-26 05:05:49', '2025-08-26 05:05:49'),
(19, 19, 16.9, '2025-08-26 05:05:49', '2025-08-26 05:05:49'),
(20, 20, 23.5, '2025-08-26 05:05:49', '2025-08-26 05:05:49'),
(21, 21, 38, '2025-08-26 05:05:49', '2025-08-26 05:05:49'),
(22, 22, 10.1, '2025-08-26 05:05:49', '2025-08-26 05:05:49'),
(23, 23, 32.6, '2025-08-26 05:05:49', '2025-08-26 05:05:49'),
(24, 24, 25.5, '2025-08-26 05:05:49', '2025-08-26 05:05:49'),
(25, 25, 28, '2025-08-26 05:05:49', '2025-08-26 05:05:49'),
(26, 26, 12.8, '2025-08-26 05:05:49', '2025-08-26 05:05:49'),
(27, 27, 23.3, '2025-08-26 05:05:49', '2025-08-26 05:05:49'),
(28, 28, 35.3, '2025-08-26 05:05:49', '2025-08-26 05:05:49'),
(29, 29, 30.8, '2025-08-26 05:05:49', '2025-08-26 05:05:49'),
(30, 30, 25.3, '2025-08-26 05:05:49', '2025-08-26 05:05:49'),
(31, 31, 35, '2025-08-26 05:05:49', '2025-08-26 05:05:49'),
(32, 32, 13.1, '2025-08-26 05:05:49', '2025-08-26 05:05:49'),
(33, 33, 14.4, '2025-08-26 05:05:49', '2025-08-26 05:05:49'),
(34, 34, 21.8, '2025-08-26 05:05:49', '2025-08-26 05:05:49'),
(35, 35, 26.8, '2025-08-26 05:05:49', '2025-08-26 05:05:49'),
(36, 36, 34.3, '2025-08-26 05:05:49', '2025-08-26 05:05:49'),
(37, 37, 27.1, '2025-08-26 05:05:49', '2025-08-26 05:05:49'),
(38, 38, 18.8, '2025-08-26 05:05:49', '2025-08-26 05:05:49'),
(39, 39, 30.9, '2025-08-26 05:05:49', '2025-08-26 05:05:49'),
(40, 40, 34.9, '2025-08-26 05:05:49', '2025-08-26 05:05:49'),
(41, 41, 17.1, '2025-08-26 05:05:49', '2025-08-26 05:05:49'),
(42, 42, 20.9, '2025-08-26 05:05:49', '2025-08-26 05:05:49'),
(43, 43, 26.5, '2025-08-26 05:05:49', '2025-08-26 05:05:49'),
(44, 44, 11, '2025-08-26 05:05:49', '2025-08-26 05:05:49'),
(45, 45, 29.9, '2025-08-26 05:05:49', '2025-08-26 05:05:49'),
(46, 46, 22.3, '2025-08-26 05:05:49', '2025-08-26 05:05:49'),
(47, 47, 21.8, '2025-08-26 05:05:49', '2025-08-26 05:05:49'),
(48, 48, 14.2, '2025-08-26 05:05:49', '2025-08-26 05:05:49'),
(49, 49, 39.7, '2025-08-26 05:05:49', '2025-08-26 05:05:49'),
(50, 50, 36.4, '2025-08-26 05:05:49', '2025-08-26 05:05:49');

--
-- Constraints for dumped tables
--

--
-- Constraints for table `forecasts`
--
ALTER TABLE `forecasts`
  ADD CONSTRAINT `forecasts_city_id_foreign` FOREIGN KEY (`city_id`) REFERENCES `cities` (`id`) ON DELETE CASCADE ON UPDATE CASCADE;

--
-- Constraints for table `ocena`
--
ALTER TABLE `ocena`
  ADD CONSTRAINT `ocena_user_id_foreign` FOREIGN KEY (`user_id`) REFERENCES `users` (`id`) ON DELETE CASCADE;

--
-- Constraints for table `user_cities`
--
ALTER TABLE `user_cities`
  ADD CONSTRAINT `user_cities_city_id_foreign` FOREIGN KEY (`city_id`) REFERENCES `cities` (`id`),
  ADD CONSTRAINT `user_cities_user_id_foreign` FOREIGN KEY (`user_id`) REFERENCES `users` (`id`);

--
-- Constraints for table `weather`
--
ALTER TABLE `weather`
  ADD CONSTRAINT `weather_city_id_foreign` FOREIGN KEY (`city_id`) REFERENCES `cities` (`id`) ON DELETE CASCADE ON UPDATE CASCADE;
COMMIT;

/*!40101 SET CHARACTER_SET_CLIENT=@OLD_CHARACTER_SET_CLIENT */;
/*!40101 SET CHARACTER_SET_RESULTS=@OLD_CHARACTER_SET_RESULTS */;
/*!40101 SET COLLATION_CONNECTION=@OLD_COLLATION_CONNECTION */;
